"";"";"Alnus.glutinosa.type";"Betula";"Calluna.vulgaris";"Castanea.sativa";"Corylus.avellana";"Cryptomeria.japonica";"Ericaceae";"Frangula.azorica";"Fraxinus.excelsior";"Hedera.azorica";"Ilex.perado";"Juniperus.brevifolia";"Ligustrum";"Myrica.faya";"Myrsine.africana";"Picconia.azorica";"Pinus";"Quercus";"Rubus";"Ulex.type";"Vaccinium.cylindraceum";"Viburnum.tinus";"Allium.type";"Ambrosia";"Anagallis";"Angelica.lignescens";"Apiaceae";"Artemisia";"Asteraceae.Subfam..Cichorioideae";"Bellis.type";"Bidens";"Boraginaceae";"Brassicaceae";"Centaurium";"Cerealia";"Chaerophyllum.azoricum";"Chenopodiaceae.type";"Chrysanthemum.type";"Crassulaceae";"Daucus.carota";"Euphorbia";"Euphrasia";"Fabaceae";"Falcaria.type";"Hydrangea";"Hypericum";"Juncaceae";"Lamiaceae";"Liliaceae.type";"Lysimachia";"Mentha.type";"Plantago.alpina.type";"Plantago.lanceolata.type";"Poaceae";"Pollen..tricolporate..small..smooth.";"Polygonum.persicaria.type";"Potentilla.type";"Ranunculus.cortusifolius.type";"Rubiaceae";"Rumex.acetosella.type";"Rumex.obtusifolius.type";"Sagina";"Secale";"Senecio.type";"Spergula.type";"Teucrium";"Thalictrum";"Urtica";"Verbena.officinalis";"Veronica";"Zea.mays";"Adiantum";"Anogramma.leptophylla.Pteris.cretica";"Asplenium.type";"Athyrium.filix.femina";"Blechnum";"Cheilanthes.type";"Culcita.macrocarpa";"Diphasiastrum.madeirense";"Dryopteris.dilatata.type";"Dryopteris.filix.mas.type";"Huperzia.selago";"Hymenophyllum.tunbrigense.type";"Lycopodium.inundatum";"Monolete.fern.spore";"Ophioglossum.azoricum";"Ophioglossum.lusitanicum";"Osmunda.regalis";"Polypodium";"Pteridium.aquilinum";"Selaginella.kraussiana";"Trichomanes";"Trilete.fern.spore"
"1";-39;0,00117924638794945;0;0,0153301884030126;0;0;0,00589622608361517;0,0176886782508455;0,00471697969566572;0;0;0,0165094347909621;0,133254715931448;0;0,0235849043344607;0,198113208707347;0,0412735855133722;0;0;0,00117924638794945;0;0,00117924638794945;0,00353773623578231;0;0;0;0;0;0;0;0,00117924638794945;0;0;0;0;0;0;0;0;0;0;0,00825471593144802;0;0;0;0,0212264144866278;0,00235848984783286;0;0;0;0;0;0;0,0200471710267444;0,0613207536120505;0,00235848984783286;0;0,0176886782508455;0;0,00235848984783286;0,00117924638794945;0;0,00117924638794945;0,00117924638794945;0;0;0;0;0;0;0;0;0;0,00825471593144802;0;0,00117924638794945;0;0;0,0943396231939747;0,00117924638794945;0;0;0,00117924638794945;0;0;0,23702830144482;0,00235848984783286;0,00471697969566572;0,00471697969566572;0;0,00117924638794945;0,0129716985551798;0,027122640570243;0
"2";-14;0;0;0,00975081357466409;0;0;0;0,0216684731351028;0,00433369462702056;0;0;0,0140845082016846;0,0985915494453787;0;0,0227518948002545;0,236186347878471;0,0249187434415004;0;0;0;0;0,00216684598577464;0,0032502703063976;0;0;0;0;0;0;0;0,00216684598577464;0;0;0,00108342432062296;0;0,00108342432062296;0;0,00108342432062296;0;0;0;0,0065005406127952;0;0;0;0,0216684731351028;0,0032502703063976;0;0;0;0,0032502703063976;0;0;0,0162513541874593;0,0866738898849399;0;0;0,0249187434415004;0;0;0,00108342432062296;0;0,00108342432062296;0;0;0;0;0;0;0;0,00108342432062296;0;0;0,00975081357466409;0;0;0;0,00216684598577464;0,0910075845119605;0;0;0;0,00108342432062296;0,00108342432062296;0;0,222101842332258;0;0,0032502703063976;0,0065005406127952;0,00216684598577464;0,00866738925404112;0,0119176595604387;0,0314192840542956;0
"3";11;0;0;0,00924499279600951;0;0;0;0,0138674879736753;0;0;0;0,00770416107012091;0,160246533661905;0;0,00924499279600951;0,243451463944635;0,0323574735656943;0;0;0;0;0,00154083172588859;0,00462249517766577;0;0;0;0,00154083172588859;0;0;0;0,00154083172588859;0;0;0;0;0;0;0;0;0;0;0,00462249517766577;0;0;0;0,0169491514254525;0,00462249517766577;0;0;0;0,00154083172588859;0;0;0,00616332934423232;0,0924499230787391;0,00154083172588859;0;0,018489985592019;0;0;0;0,00154083172588859;0;0;0,00154083172588859;0;0;0;0;0;0;0;0;0,0154083196995639;0;0;0;0,00308166345177718;0,11093990623008;0;0;0;0,00616332934423232;0;0;0,171032358183803;0;0;0,00924499279600951;0;0,00616332934423232;0,0123266562477867;0,0308166418398057;0
"4";34;0;0;0,00487210628319642;0;0;0;0,0170523742518452;0,0012180265707991;0;0;0,00974421482705058;0,188794154644385;0;0,0121802679686488;0,209500610869285;0,0353227773351473;0;0;0;0;0,0012180265707991;0,00852618825625148;0;0,0012180265707991;0;0,00365407971239731;0;0;0,0012180265707991;0;0;0;0;0,0012180265707991;0;0,0012180265707991;0;0;0;0;0,00243605314159821;0,0012180265707991;0;0,0012180265707991;0,0170523742518452;0,00365407971239731;0;0,0012180265707991;0;0;0;0;0,00730816168545237;0,0828258226389433;0;0;0,0109622413978497;0,0012180265707991;0;0;0;0;0;0;0;0;0;0,0012180265707991;0;0;0;0;0,0121802679686488;0;0;0;0;0,0803897694973451;0,0012180265707991;0;0;0,00243605314159821;0;0;0,224116931979532;0,00365407971239731;0,00243605314159821;0,00974421482705058;0;0,00609013511465327;0,00365407971239731;0,0267965890788958;0
"5";56;0;0;0,0167173252663963;0;0;0;0,0136778118114947;0,00151975799188846;0;0;0,0136778118114947;0,136778113057196;0;0,0227963521761994;0,224924010835968;0,0410334354344842;0;0;0;0;0,00303951345490156;0,00303951345490156;0;0;0;0;0;0;0,00151975799188846;0;0;0;0;0;0;0;0;0;0;0;0,00759878490169159;0;0;0,00151975799188846;0,0395136774425957;0,00303951345490156;0;0;0;0;0;0;0,00151975799188846;0,0638297876106836;0,00151975799188846;0;0,0197568387212978;0;0,00911854036470469;0;0;0;0;0,00455927144679002;0,00151975799188846;0;0;0;0;0;0;0;0,00759878490169159;0;0;0;0;0,0911854087047976;0;0;0;0,00151975799188846;0;0;0,215805467942388;0;0,00303951345490156;0,00607902690980313;0,00151975799188846;0,0151975672745078;0,00759878490169159;0,0151975672745078;0,00303951345490156
"6";78;0;0,00124999970388125;0,0124999993613125;0;0;0;0,00875000024966875;0,00500000113802501;0;0;0,0137499990651937;0,178750001782519;0;0,015000001091575;0,21000000134705;0,0324999992684125;0;0,00124999970388125;0;0;0;0,00249999940776249;0;0,00124999970388125;0;0,00249999940776249;0;0;0,00249999940776249;0;0;0;0;0;0;0;0;0;0;0;0,00374999911164374;0;0;0;0,0199999999071;0,00374999911164374;0;0;0;0;0;0;0,0075000005457875;0,0775000002206375;0,00124999970388125;0;0,0137499990651937;0;0;0;0;0;0;0;0;0;0;0;0;0;0;0;0,0137499990651937;0;0;0;0,00249999940776249;0,0875000001741875;0;0;0;0,00249999940776249;0;0;0,205000002531525;0,00124999970388125;0,00875000024966875;0,00500000113802501;0,00124999970388125;0,00999999995355;0,0175000004993375;0,0262500007490063;0,00374999911164374
"7";99;0,00125313280511429;0,00125313280511429;0,0112781952460286;0;0;0;0,00877192963580002;0;0;0;0,0150375936613715;0,155388472616127;0;0,0187969920767143;0,253132833806019;0,0250626561022858;0,00125313280511429;0;0;0;0;0,00877192963580002;0;0;0;0,00125313280511429;0;0;0,00125313280511429;0,00125313280511429;0;0;0;0,00125313280511429;0;0;0;0;0;0,00125313280511429;0,00375939841534287;0;0;0,00125313280511429;0,0313283201278572;0,00626566402557145;0,00125313280511429;0;0;0,00125313280511429;0;0;0,00501253122045716;0,080200501918292;0;0;0,00877192963580002;0,00125313280511429;0;0,00125313280511429;0;0,00125313280511429;0;0,00125313280511429;0;0;0;0;0;0;0;0;0,00501253122045716;0;0;0;0,00250626561022858;0,0726817050876062;0;0;0;0,00501253122045716;0;0;0,209273183236041;0;0,00250626561022858;0,00125313280511429;0;0,00877192963580002;0,0150375936613715;0,0250626561022858;0,00250626561022858
"8";117;0;0,00124069429442795;0,00992555866559736;0;0;0;0,0111662529600253;0,0024813885888559;0;0;0,0124069472544533;0,167493798710553;0;0,0248138966639934;0,223325065665767;0,0272952852528493;0;0;0,00124069429442795;0;0,00124069429442795;0,0024813885888559;0;0;0;0,00124069429442795;0;0;0,0024813885888559;0,00124069429442795;0;0;0,00124069429442795;0;0;0;0;0;0;0;0,0024813885888559;0;0,00124069429442795;0;0,032258064585648;0,00372208503837073;0;0;0;0;0;0;0,00744416792165457;0,0818858579136347;0,00124069429442795;0;0,0285359795472772;0;0,00496277933279868;0;0;0;0;0;0;0;0;0,00124069429442795;0;0;0;0;0,0186104230367668;0;0;0;0;0,0856079407969186;0,00124069429442795;0;0,00124069429442795;0;0,00124069429442795;0;0,176178663081723;0,00124069429442795;0,00124069429442795;0,00744416792165457;0;0,00744416792165457;0,014888337998396;0,0248138966639934;0,0024813885888559
"9";137;0;0;0,013550135089049;0;0;0;0,0176151775175252;0,00406503971167404;0;0;0,00271002647444936;0,100271004005846;0;0,0216802172291993;0,246612466227738;0,0311653126065742;0;0;0;0;0,00271002647444936;0,00948509537737495;0;0;0;0,00135501323722468;0;0;0,00271002647444936;0,00135501323722468;0;0;0;0,00135501323722468;0;0;0;0;0;0;0,00677506890292559;0;0;0;0,013550135089049;0,00271002647444936;0;0;0;0;0;0;0,00677506890292559;0,113821139094895;0;0;0,0162601615634984;0;0,00135501323722468;0;0;0;0;0;0,00135501323722468;0;0;0;0;0;0;0;0,0121951218518243;0;0;0;0,00406503971167404;0,0731707311109459;0,00135501323722468;0;0;0;0;0;0,239837400041614;0,00135501323722468;0,00135501323722468;0,00271002647444936;0,00135501323722468;0,013550135089049;0,0108401086145996;0,0176151775175252;0,00135501323722468
"10";156;0;0;0,00540540548583784;0;0;0;0,0216216219433513;0,00540540548583784;0;0;0,00972972937850811;0,142702700858119;0,00108108159316756;0,00756756867217297;0,250810808094876;0,0270270274291892;0;0,00108108159316756;0;0;0,00108108159316756;0,00216216318633513;0;0;0;0;0,00108108159316756;0;0,00108108159316756;0;0;0;0;0;0;0;0,00324324229950271;0;0;0;0,00216216318633513;0;0,00108108159316756;0;0;0,00216216318633513;0;0,00108108159316756;0;0,00108108159316756;0;0;0,00324324229950271;0,0908108091860757;0;0;0,00972972937850811;0,00108108159316756;0,00108108159316756;0;0;0,00216216318633513;0,00108108159316756;0;0;0;0;0,00108108159316756;0;0;0;0;0,0140540532711784;0;0;0;0,00108108159316756;0,072432432022227;0;0;0;0;0,00216216318633513;0;0,243243241902703;0;0;0,00108108159316756;0;0,0183783771638487;0,0183783771638487;0,0291891881355243;0,00108108159316756
"11";178,5;0;0;0,00397878012100979;0;0;0;0,0198938978968261;0,00265252008067319;0;0;0,00928382028235617;0,0941644547392299;0;0,0145888604437025;0,254641908787067;0,0225464179774993;0;0;0,0013262600403366;0;0,00265252008067319;0,00265252008067319;0;0;0;0;0;0;0,00265252008067319;0;0;0;0;0,0013262600403366;0;0;0,00265252008067319;0;0;0;0,00530504016134638;0;0;0;0;0;0;0;0;0,0013262600403366;0;0;0,00265252008067319;0,107427055142596;0;0;0,0185676405647123;0;0;0;0;0;0;0;0;0;0;0;0,0013262600403366;0;0;0;0,0225464179774993;0;0;0;0;0,0623342164793744;0,0013262600403366;0;0;0,00265252008067319;0;0;0,293103447248605;0;0,00265252008067319;0;0,0013262600403366;0,013262600403366;0,00928382028235617;0,0172413805243757;0,00265252008067319
"12";203,5;0;0;0,00849514585618638;0;0;0;0,0339805834247455;0;0;0;0,00364077573552231;0,0898058262092268;0;0,00970873776802715;0,234223303291094;0,015776699800532;0;0;0;0;0,00364077573552231;0,00121359191184077;0;0;0;0;0;0;0,00242718382368154;0;0;0,00121359191184077;0,00121359191184077;0;0,00121359191184077;0;0;0,00121359191184077;0;0;0,00364077573552231;0;0;0;0;0;0;0;0;0;0;0;0,00121359191184077;0,118932039513308;0,00242718382368154;0;0,0145631078886912;0;0;0;0;0;0;0;0,00121359191184077;0;0;0;0;0;0,00121359191184077;0;0,0194174755360543;0;0;0,00242718382368154;0;0,0655339805525085;0;0;0,00121359191184077;0,00121359191184077;0,00121359191184077;0;0,292475729899257;0;0;0;0,00121359191184077;0,0254854375685591;0,0133495135035495;0,0254854375685591;0
"13";290,5;0;0,00122399004557229;0,00856793264825938;0;0;0;0,0244798032406991;0,00367197013671686;0;0;0,0122399027849762;0,0917992673934417;0,00122399004557229;0,0171358629672654;0,279069769987789;0,0281517757066693;0;0,00122399004557229;0;0,00122399004557229;0,00244798009114457;0,00489596018228914;0;0;0;0,00122399004557229;0;0;0,00122399004557229;0,00122399004557229;0;0;0,00122399004557229;0;0;0,00122399004557229;0;0,00122399004557229;0;0;0,00244798009114457;0;0;0;0;0,00244798009114457;0;0;0;0,00122399004557229;0;0;0;0,0709914319602061;0;0;0,0220318231495545;0;0,00122399004557229;0;0;0,00244798009114457;0;0;0,00244798009114457;0;0;0;0;0;0;0;0,0134638928305485;0;0;0;0,00122399004557229;0,0942472474845863;0,00244798009114457;0;0;0,00611995022786143;0;0;0,237454101450571;0;0,00244798009114457;0;0,00122399004557229;0,0208078331039822;0,00611995022786143;0,0220318231495545;0,00244798009114457
"14";343;0;0,00102774873507413;0,0102774930403611;0;0;0;0,0174717370306899;0,00308324762762733;0;0;0,0133607406679884;0,164439877266538;0;0,0123329905105093;0,270298049608156;0,0349434740613798;0,00102774873507413;0,00102774873507413;0;0;0,00411099636270147;0,0020554988925532;0;0;0;0,00102774873507413;0;0;0,00102774873507413;0,00102774873507413;0;0;0;0,00102774873507413;0;0;0;0,00102774873507413;0;0;0,00411099636270147;0;0;0;0;0,00102774873507413;0;0;0;0;0;0;0;0,0534429598271438;0,0020554988925532;0;0,0102774930403611;0;0;0;0;0;0;0;0,00102774873507413;0;0;0;0;0;0;0;0,00822199414780788;0;0;0;0;0,0976361767714055;0;0;0,00102774873507413;0,00308324762762733;0;0;0,190133608445035;0;0,00102774873507413;0,00616649525525467;0;0,0113052417754352;0,00616649525525467;0,0616649539749516;0,00102774873507413
"15";412;0;0;0,00426439285291483;0;0;0;0,0191897647379035;0,00533049106614354;0,00106609821322871;0;0,0127931770086379;0,132196161389187;0;0,00852878415572306;0,254797438859316;0,0394456292391424;0,00106609821322871;0;0;0;0,00533049106614354;0,00319829463968612;0;0;0;0;0;0;0,00319829463968612;0,00106609821322871;0;0;0;0;0;0;0;0;0,00106609821322871;0;0,00319829463968612;0;0;0;0;0,00319829463968612;0;0;0;0,00213219642645742;0;0;0;0,045842216968408;0;0;0,015991471648324;0;0;0,00106609821322871;0;0;0;0;0;0;0;0,00106609821322871;0;0;0;0;0,0127931770086379;0;0;0;0,00213219642645742;0,0959488267897309;0,00213219642645742;0,00106609821322871;0;0,00426439285291483;0,00106609821322871;0;0,246268654703593;0;0;0,00319829463968612;0,00426439285291483;0,0191897647379035;0,0127931770086379;0,0287846486569619;0,00106609821322871
"16";456;0;0;0;0;0;0;0,00362318744034868;0,00241546033543371;0;0,00120773016771686;0,0108695653838479;0,318840574383533;0,00120773016771686;0,00362318744034868;0,182367148127179;0,0301932358161101;0;0;0;0;0,00241546033543371;0,00724637794349925;0;0;0;0,00120773016771686;0;0;0,00241546033543371;0,00120773016771686;0;0;0;0;0;0;0;0;0,00120773016771686;0;0,00724637794349925;0;0;0;0;0,00362318744034868;0;0;0;0;0;0;0;0,0277777785434783;0,00483091760806554;0;0,00362318744034868;0;0,00483091760806554;0;0;0;0;0;0;0;0;0;0;0;0;0;0,00845410504841422;0;0;0;0;0,0978260853918295;0;0;0,00120773016771686;0;0,00241546033543371;0;0,22222221915942;0;0,00241546033543371;0,00120773016771686;0;0,0120772955515648;0,00241546033543371;0,0277777785434783;0
"17";498;0;0;0,0273631843611297;0;0;0;0,0049751244292963;0,0049751244292963;0;0;0,00746268664394446;0,191542287955768;0;0,00870646775126853;0,292288556362949;0,0460199009709908;0;0;0;0;0,00124378110732408;0,00124378110732408;0;0;0;0,0049751244292963;0;0;0;0,00124378110732408;0;0;0;0;0;0;0,00124378110732408;0;0;0;0,00870646775126853;0;0;0,00124378110732408;0;0,00373134332197223;0;0;0;0,00124378110732408;0;0;0;0,0186567166098611;0;0;0,00621890553662038;0,00248756221464815;0,00248756221464815;0;0;0;0;0,00124378110732408;0;0;0;0;0;0;0;0;0,0136815921805648;0;0;0;0;0,119402985017042;0;0;0;0,00124378110732408;0,00124378110732408;0;0,174129352453231;0;0,00248756221464815;0,0111940299659167;0,00124378110732408;0,00124378110732408;0,00870646775126853;0,0248756221464815;0,00124378110732408
"18";533;0;0,00110375290456072;0,00331125871368215;0;0;0;0,00662251742736429;0,00220750580912143;0;0;0,00883002118129809;0,391832227684176;0;0,00662251742736429;0,158940397704867;0,064017660243771;0;0;0;0;0,00110375290456072;0,00662251742736429;0;0;0;0,00220750580912143;0,00110375290456072;0;0;0;0;0;0;0;0;0;0;0;0;0;0,00441501161824286;0;0;0;0;0,00110375290456072;0;0;0;0;0,00110375290456072;0;0;0,0110375269904195;0,00220750580912143;0;0,00993377408585881;0;0,00220750580912143;0;0;0;0;0,00110375290456072;0;0;0;0;0;0;0;0;0,00883002118129809;0;0;0;0;0,0772626930433119;0;0;0;0;0,00110375290456072;0;0,167770418886165;0,00110375290456072;0,00441501161824286;0,0176600444177838;0,00331125871368215;0;0,00772626827673738;0,0231788068853998;0
"19";555;0;0,00122398965855917;0,00856793158298639;0;0;0;0,00734394192442722;0;0;0;0,0183598528245319;0,297429622114333;0;0,00367197030003491;0,198286414742889;0,033047735349029;0;0;0;0;0,00244798064147574;0,00611995094151065;0;0;0;0,00122398965855917;0;0;0,00489596128295148;0;0;0;0;0;0;0;0;0;0;0;0,00856793158298639;0;0;0,00122398965855917;0;0;0;0;0;0;0,00122398965855917;0;0;0,0159118721830562;0,00122398965855917;0;0,00856793158298639;0;0;0;0;0;0;0;0;0;0;0;0;0;0;0;0,00856793158298639;0;0;0;0;0,119951040837452;0,00122398965855917;0;0;0;0;0;0,214198286925945;0,00122398965855917;0,00122398965855917;0,0208078334660077;0,00122398965855917;0;0,00489596128295148;0,00734394192442722;0
"20";579;0;0,00125786163522013;0,00251572327044025;0;0;0;0,0050314465408805;0,00125786163522013;0;0;0,0125786163522013;0,369811320754717;0;0;0,192452830188679;0,0377358490566038;0;0;0;0;0,00251572327044025;0,00628930817610063;0;0;0;0,00377358490566038;0;0;0,00251572327044025;0;0;0;0;0;0;0;0;0;0;0;0,00628930817610063;0;0;0;0;0,00251572327044025;0;0;0;0;0;0;0;0,0163522012578616;0,00125786163522013;0;0,00377358490566038;0;0,00251572327044025;0;0;0;0;0;0;0;0;0;0;0;0;0;0,00628930817610063;0;0;0;0,00125786163522013;0,10062893081761;0;0;0;0,00251572327044025;0;0;0,168553459119497;0;0,00125786163522013;0,0163522012578616;0,00125786163522013;0;0,0163522012578616;0,0150943396226415;0
"21";607;0;0,00116144062491552;0,00813008223852015;0;0;0;0,00116144062491552;0,00464576036377359;0;0,00116144062491552;0,0174216029660673;0,358885014266144;0;0,00116144062491552;0,178861787888558;0,0441347266596818;0;0;0;0;0;0,00696864161360463;0;0;0;0,00232288124983104;0;0;0,00580720098868911;0,00116144062491552;0;0;0;0;0;0;0;0;0;0;0,00813008223852015;0;0;0;0;0,00116144062491552;0;0;0;0,00116144062491552;0;0;0;0,0197444820800099;0;0;0,0116144019773782;0;0;0;0;0;0;0,00116144062491552;0;0;0,00116144062491552;0,00116144062491552;0;0;0;0;0,00696864161360463;0;0;0;0;0,104529615660515;0;0;0;0;0;0;0,160278744297576;0,00464576036377359;0,00696864161360463;0,025551683068699;0;0;0,00696864161360463;0,00580720098868911;0
"22";627;0,00104931742297202;0;0,00104931742297202;0;0;0;0,0041972714757286;0,00209863662978456;0;0,00104931742297202;0,0104931795812418;0,443861491113389;0;0,00104931742297202;0,140608604248031;0,0293809021139407;0;0;0;0;0,00209863662978456;0,0041972714757286;0;0;0;0,00209863662978456;0;0;0,00209863662978456;0;0;0;0;0;0;0;0;0;0;0;0,00734522552848518;0;0;0,00104931742297202;0;0;0;0,00104931742297202;0;0;0;0;0;0,00734522552848518;0,00734522552848518;0;0,0041972714757286;0;0,00104931742297202;0;0;0;0;0;0;0;0;0;0;0;0;0;0,00524658889870063;0;0;0;0;0,0912906621784193;0;0;0;0;0;0;0,161594963410515;0,00314795405275658;0,00734522552848518;0,0283315846909687;0,00209863662978456;0;0,0083945429514572;0,0157397684799424;0,00209863662978456
"23";651;0;0;0,00241838048529892;0,00120918912173047;0;0;0,00362756960702939;0,00483675872875985;0;0;0,00846432833578924;0,428053206903954;0;0,00725513921405877;0,159613060467455;0,0423216439207842;0;0,00120918912173047;0;0;0,00120918912173047;0,00725513921405877;0;0;0;0,00362756960702939;0;0;0,00362756960702939;0;0;0;0;0;0;0;0,00120918912173047;0;0;0;0,00483675872875985;0;0;0;0;0,00120918912173047;0;0;0;0;0,00120918912173047;0;0,00120918912173047;0,0169286589134165;0,00483675872875985;0,00241838048529892;0,00483675872875985;0;0,00120918912173047;0;0;0;0;0;0;0;0;0;0;0;0;0;0,00483675872875985;0;0;0;0,00120918912173047;0,106408707725583;0;0;0;0;0;0;0,119709794790132;0,00362756960702939;0,00362756960702939;0,0362756960702939;0,00120918912173047;0;0,0060459500923283;0,00241838048529892;0
"24";671;0,00124532909702252;0;0;0;0;0;0,0087173107700668;0;0;0;0,0124533004247707;0,27895392336941;0;0,00622665021238537;0,230386053130986;0,0398505594683573;0;0;0;0;0,00124532909702252;0,0074719793094079;0;0;0;0,00124532909702252;0;0;0,00124532909702252;0;0;0;0;0;0;0;0;0;0;0;0,00622665021238537;0;0;0;0;0,00498132111536285;0;0;0;0;0;0;0;0,00996263986708932;0,00249066055768142;0;0,0112079713277482;0,00124532909702252;0,00124532909702252;0;0;0;0;0;0;0;0;0;0;0;0;0;0,00996263986708932;0;0;0;0;0,110834372362278;0;0;0;0;0;0;0,217932752706215;0;0,00124532909702252;0,0224159402918601;0;0;0,00622665021238537;0,00498132111536285;0
"25";679;0;0;0,00412654809067809;0;0;0;0,00550206347395318;0,00275103076655018;0;0;0,00962861156463127;0,419532323876894;0;0;0,166437413779312;0,0440165058507726;0;0,00137551538327509;0;0;0;0,00962861156463127;0;0;0;0,00687757885722827;0;0;0;0,00137551538327509;0;0;0;0;0;0;0;0;0;0;0,00137551538327509;0;0;0;0;0;0;0;0;0;0;0;0;0,0151306730977316;0,00275103076655018;0;0,00412654809067809;0;0;0;0;0;0;0;0;0;0;0;0;0;0;0;0,00412654809067809;0;0;0;0,00137551538327509;0,10316368674013;0;0;0;0;0;0;0,158184319538809;0,00275103076655018;0,00962861156463127;0,00962861156463127;0,00412654809067809;0;0,00550206347395318;0,00687757885722827;0
"26";718;0;0;0,00122249298197194;0;0;0;0;0,00122249298197194;0;0;0,00977995065161912;0,331295847295328;0,00122249298197194;0,00244498822922508;0,16625917013865;0,0281173589728854;0;0,00122249298197194;0;0;0,00122249298197194;0,00366748121119702;0;0;0;0,00122249298197194;0;0;0;0;0;0;0;0;0;0;0;0;0;0;0,00244498822922508;0;0;0;0;0,00122249298197194;0;0;0,00122249298197194;0;0;0;0;0,00977995065161912;0,0061124694404221;0,00122249298197194;0,00488997645845016;0;0;0;0;0;0;0;0;0;0;0,00244498822922508;0;0;0;0;0,00855745766964719;0;0;0;0,00366748121119702;0,0757946215142903;0;0;0;0;0;0;0,290953549441598;0;0,00733496242239404;0,0183374083212663;0,00122249298197194;0;0,00855745766964719;0,00733496242239404;0
"27";747;0;0;0,00246305407863574;0;0;0;0,00123152799744594;0,00369458207608167;0;0;0,0172413785504502;0,411330044545961;0;0,00246305407863574;0,146551722469467;0,0406403932556177;0;0;0;0;0;0,00615763615471741;0;0;0;0,00123152799744594;0,00123152799744594;0,00123152799744594;0,00369458207608167;0;0;0;0;0;0;0;0,00123152799744594;0;0;0;0,00862069023335315;0,00123152799744594;0;0,00246305407863574;0;0;0;0;0;0;0;0;0;0,0135467983906246;0,00369458207608167;0,00246305407863574;0,00369458207608167;0;0,00369458207608167;0;0;0;0;0;0;0;0;0;0;0;0;0;0,00369458207608167;0;0;0;0,00492610815727147;0,109605909373674;0;0;0;0,00123152799744594;0;0;0,15517241270282;0,00246305407863574;0,00246305407863574;0,0147783244718144;0,00246305407863574;0;0,00615763615471741;0,0172413785504502;0
"28";773;0;0;0,00252525189996557;0;0;0;0,00252525189996557;0,00126262594998278;0;0;0,0138888882010732;0,412878787441087;0;0,00378787784994835;0,176767677017792;0,0353535348533058;0;0,00126262594998278;0;0;0,00126262594998278;0;0;0;0;0,00505050379993113;0;0;0;0;0;0;0;0;0;0;0;0;0;0;0,0088383844011421;0;0;0;0;0,00126262594998278;0;0;0;0;0;0;0;0,0101010103511249;0,00757575845115932;0;0,00757575845115932;0;0;0;0;0;0;0;0;0;0;0;0;0;0;0;0,0088383844011421;0;0;0;0;0,0669191918566632;0;0;0;0;0;0;0,185606061418934;0,00252525189996557;0,00631313250117654;0,018939394752267;0,00126262594998278;0;0,00631313250117654;0,0113636363011077;0
"29";854,5;0;0;0,00119760443313134;0;0;0;0,00119760443313134;0,00119760443313134;0;0,00119760443313134;0,0179640726694252;0,360479043419241;0;0,00838323308940442;0,162874252285503;0,0479041917276489;0;0;0;0;0;0,00718562865627308;0;0;0;0,00119760443313134;0;0;0,00119760443313134;0;0;0;0,00119760443313134;0;0;0;0;0;0;0;0,00359281535687906;0;0;0;0;0,00119760443313134;0;0;0;0;0;0;0;0,0143712573125462;0,00718562865627308;0;0,00598802422314174;0;0,00359281535687906;0;0;0;0;0,00119760443313134;0;0;0;0,00119760443313134;0;0;0;0;0,00958083752253576;0;0;0;0;0,0970059878884291;0;0;0;0,00119760443313134;0,00359281535687906;0;0,184431138254323;0,00239520886626268;0,00838323308940442;0,0131736528794148;0;0;0,0167664661788088;0,0119760484462835;0
"30";934,5;0;0;0,00373598946104041;0;0,00124533050901429;0;0,00124533050901429;0,00124533050901429;0;0;0,0149439599101641;0,450809460388954;0,00124533050901429;0,00622665047906899;0,154420921137698;0,0298879198203282;0;0;0;0;0;0,0049813199700547;0;0;0;0,0049813199700547;0;0;0,00124533050901429;0;0;0;0;0;0;0;0;0;0;0;0,00747198098808328;0;0;0;0;0,00249066101802859;0;0;0;0;0;0;0;0,0211706103892331;0;0,00124533050901429;0,00373598946104041;0;0,00249066101802859;0;0;0;0;0,00124533050901429;0;0;0;0;0;0;0;0;0,00622665047906899;0;0;0;0;0,0797011195208752;0;0;0;0,00124533050901429;0;0;0,15566624958071;0,00124533050901429;0;0,0249065998502735;0;0;0,00747198098808328;0,00747198098808328;0
"31";1010;0;0,00296296352023703;0,00296296352023703;0;0;0;0,00148148176011851;0,00444444528035554;0;0;0,0162962958783407;0,346666662208474;0;0,00444444528035554;0,171851849344119;0,0385185187971556;0;0,00148148176011851;0;0;0;0,00592592704047406;0;0;0;0,00740740880059257;0;0;0,00296296352023703;0,00148148176011851;0;0;0;0;0;0;0;0;0;0;0,00148148176011851;0;0;0;0;0,00444444528035554;0;0;0;0;0;0;0;0,0133333323581037;0,00148148176011851;0;0;0,00148148176011851;0,00592592704047406;0;0;0;0;0;0;0;0;0;0;0;0;0;0,00740740880059257;0;0;0;0;0,0903703699524148;0,00148148176011851;0;0;0,00296296352023703;0,00148148176011851;0;0,220740736979141;0;0,00148148176011851;0,0192592593985778;0,00296296352023703;0;0,00592592704047406;0,00888888707774817;0
"32";1091;0,00119189500322337;0;0,00595947501611686;0;0;0;0,00238379000644674;0,00119189500322337;0;0,00238379000644674;0,0143027426024469;0,364719906879082;0,00119189500322337;0,00476758001289349;0,14898689078552;0,0297973776443507;0;0;0;0;0,00238379000644674;0,0083432650225636;0;0;0;0,00357568500967012;0;0;0,00119189500322337;0;0;0;0;0;0;0;0;0;0;0;0,00715137001934023;0;0;0;0;0,00119189500322337;0;0;0;0;0;0;0;0,0119189500322337;0,00119189500322337;0;0,00238379000644674;0;0,00476758001289349;0;0;0;0;0;0;0;0;0;0;0;0;0;0,00715137001934023;0,00119189500322337;0;0;0,00119189500322337;0,0917759255032653;0,00238379000644674;0;0;0,00119189500322337;0;0,00119189500322337;0,224076283679892;0;0,00476758001289349;0,0262216926346806;0,00357568500967012;0;0,00595947501611686;0,0083432650225636;0
"33";1091;0,00122699492717376;0;0,00613496925918175;0;0;0;0,00368098209317776;0,00122699492717376;0;0;0,0147239256843675;0,399999994085644;0;0,00736196418635551;0,147239262220362;0,0282208591299048;0;0;0;0;0;0,00368098209317776;0;0;0;0,00736196418635551;0;0;0;0,00122699492717376;0;0;0;0;0;0;0,00122699492717376;0;0,00122699492717376;0;0,00368098209317776;0;0;0;0;0,00368098209317776;0;0;0;0;0;0;0;0,0184049077775453;0;0;0,00613496925918175;0;0,00368098209317776;0;0;0;0;0;0;0;0;0;0;0;0;0;0,00981595135235951;0;0;0;0,00122699492717376;0,0601226976646438;0;0;0;0;0;0;0,223312880496547;0;0,00368098209317776;0,0159509206115413;0,00122699492717376;0;0,0134969334455373;0,0110429435911898;0
"34";1172;0;0,00156739877542721;0,00313479755085443;0;0;0;0,00156739877542721;0,00156739877542721;0;0;0,0156739794627363;0,379310337822668;0;0,00470219632628164;0,133228837870562;0,042319750353463;0;0,00156739877542721;0;0;0,00156739877542721;0,00156739877542721;0;0;0;0,0109717872822226;0;0;0,00156739877542721;0,00156739877542721;0;0;0;0;0;0;0;0;0;0;0,00626959095594091;0;0;0;0;0,00470219632628164;0;0;0;0;0;0,00156739877542721;0;0,0313479630712404;0;0,00156739877542721;0,00783698973136813;0,00156739877542721;0,00156739877542721;0;0;0;0;0;0;0;0;0,00156739877542721;0;0;0;0;0,00783698973136813;0;0;0;0,00156739877542721;0,0971786826188078;0;0;0;0;0;0;0,213166138105438;0;0;0,00470219632628164;0,00156739877542721;0;0,00470219632628164;0,00940438850679534;0
"35";1251;0;0;0;0;0;0;0,00272851135117224;0,00136425567558612;0;0;0,00682128206415169;0,335607098936345;0,00136425567558612;0,0109140527771311;0,148703960794414;0,0231923612298484;0;0;0;0;0,00136425567558612;0,00545702638856557;0;0;0;0,00272851135117224;0;0,00136425567558612;0,00818553773973781;0;0,00136425567558612;0;0;0;0;0;0,00136425567558612;0;0;0;0,0136425641283034;0;0;0;0;0,00545702638856557;0;0;0;0;0;0;0;0,0422919517467173;0,00136425567558612;0;0,00682128206415169;0;0,00136425567558612;0;0;0;0;0;0;0;0;0;0;0;0;0;0,0163710791656967;0;0;0;0,00272851135117224;0,10504774968589;0,00272851135117224;0;0;0,00545702638856557;0;0,00272851135117224;0,221009552148911;0;0,00136425567558612;0;0;0;0,00954979710154501;0,00682128206415169;0,00272851135117224
"36";1331;0,00208768265909755;0,00208768265909755;0,00104384132954877;0;0,00104384132954877;0;0,00208768265909755;0,00104384132954877;0;0;0,0156576199432316;0,391440501726928;0;0,0198329852614267;0,140918579489084;0,0281837158978169;0;0;0;0;0,00208768265909755;0,00730688930684141;0;0;0,00104384132954877;0,00104384132954877;0;0;0,00835073063639018;0,00104384132954877;0;0;0;0;0;0;0;0;0,00208768265909755;0;0,0146137786136828;0;0;0;0;0,00104384132954877;0;0;0;0;0;0;0;0,0125260959545853;0,00208768265909755;0;0,00521920664774386;0,00104384132954877;0,00313152398864632;0;0;0;0;0;0;0;0;0;0;0;0;0;0,0125260959545853;0;0;0;0;0,0991649263071334;0,00208768265909755;0;0;0;0;0;0,19415449044221;0;0,00730688930684141;0,00521920664774386;0;0;0,00521920664774386;0,00626304797729264;0
"37";1419;0;0;0,00131233782251428;0;0;0;0,00656168012044557;0,00131233782251428;0;0,00131233782251428;0,0144356935673425;0,354330704023746;0;0,00787401344689693;0,148293962629157;0,0328084006022278;0;0;0;0;0;0,00262467114896564;0;0;0;0,00131233782251428;0;0;0,00918635126941121;0,00131233782251428;0;0;0;0;0;0;0;0;0;0;0,00918635126941121;0;0;0,00131233782251428;0;0,00393700897147993;0;0;0;0;0;0;0;0,0144356935673425;0;0;0,00787401344689693;0;0,00262467114896564;0;0;0;0;0;0;0;0;0;0;0;0;0;0,0144356935673425;0;0;0;0,00131233782251428;0,0813648280982495;0,00131233782251428;0;0;0;0,00131233782251428;0;0,237532804174303;0;0,00262467114896564;0,0104986890919255;0,00262467114896564;0,00131233782251428;0,0104986890919255;0,0131233602408911;0
"38";1547;0;0;0,00106044754408491;0;0;0;0,0106044558353352;0,00212089018679134;0;0,00212089018679134;0,00848356074716535;0,406150576150179;0;0,00318133773087625;0,132555668533419;0,038176033165001;0;0,00106044754408491;0;0;0;0,00636267056037401;0;0;0;0,00636267056037401;0,00106044754408491;0;0,00318133773087625;0;0;0;0;0;0;0;0;0;0;0;0,00954400829125026;0;0;0;0;0,00212089018679134;0;0;0;0,00106044754408491;0;0;0;0,00954400829125026;0,00318133773087625;0;0,00636267056037401;0;0,00106044754408491;0;0;0;0;0;0;0;0;0,00106044754408491;0;0;0;0,00106044754408491;0,0169671263957092;0;0;0;0;0,077412513874087;0;0;0;0,00106044754408491;0;0;0,221633080885547;0;0,00106044754408491;0,00742311810445892;0,00106044754408491;0;0,00848356074716535;0,00742311810445892;0
"39";1711;0,000963391176311715;0;0;0;0;0;0,00481695588155858;0,00289017352893515;0;0;0,00770712941049372;0,510597300661009;0;0,00289017352893515;0,105009633661137;0,03371868889249;0;0;0;0;0,00289017352893515;0,00770712941049372;0;0;0;0,00192678235262343;0;0;0,00385356470524686;0;0;0;0;0;0;0;0;0;0;0;0,00770712941049372;0;0;0;0;0,00289017352893515;0;0;0;0;0;0;0;0,00674373823418201;0,000963391176311715;0;0,00289017352893515;0;0,000963391176311715;0;0;0;0;0;0;0;0;0;0;0;0;0;0;0;0;0;0,00289017352893515;0,0500963388897892;0,000963391176311715;0;0;0;0;0;0,215799614380144;0;0,00289017352893515;0,00867052058680544;0;0;0,00289017352893515;0,00867052058680544;0
"40";2065;0,00101833088336181;0,00101833088336181;0;0;0;0;0,0081466384192367;0,00203665960480917;0;0;0,00916496930259851;0,403258651476249;0;0,00712830969778933;0,118126272212333;0,0346232176055849;0;0;0,00101833088336181;0;0;0,00407331920961835;0;0;0;0,00203665960480917;0;0;0,00203665960480917;0,00101833088336181;0;0;0;0;0;0;0;0;0,00101833088336181;0;0,0132382885122169;0;0;0;0;0,00101833088336181;0,00101833088336181;0;0;0;0,00101833088336181;0;0;0,00610997881442752;0;0;0,00101833088336181;0;0,00305499048817098;0;0;0;0;0;0;0,00101833088336181;0;0;0;0;0;0;0,018329938605197;0;0;0;0;0,0315682271174139;0;0;0;0;0,00101833088336181;0;0,313645618055073;0;0,00101833088336181;0,00509165009298016;0;0;0,00509165009298016;0,00101833088336181;0
"41";2274;0;0;0,00594530301188919;0;0;0;0,00594530301188919;0,00118906110844204;0;0;0,00713436412033124;0,539833528155401;0;0,00475624190344715;0,0951248507205481;0,0321046372763301;0,00118906110844204;0;0;0;0,00237812221688409;0,00475624190344715;0;0;0;0,00237812221688409;0;0;0,00475624190344715;0,00118906110844204;0;0;0;0;0;0;0;0;0;0;0,00832342522877328;0;0;0;0;0,00832342522877328;0,00118906110844204;0;0;0;0;0;0;0,00832342522877328;0;0,00237812221688409;0,00118906110844204;0;0,00237812221688409;0;0;0;0;0;0;0;0;0;0;0;0;0;0,0107015449153363;0;0;0;0,00118906110844204;0,0214030923609937;0;0;0;0;0;0;0,191438762549538;0,00356718079500511;0,00832342522877328;0,00475624190344715;0,00118906110844204;0;0,0107015449153363;0,00594530301188919;0
"42";2393;0;0;0,00101832955978073;0;0;0;0,00101832955978073;0,00203665911956146;0;0;0,00814663999046587;0,535641555665646;0;0,00101832955978073;0,0733197564019728;0,0274949086507398;0;0;0,00101832955978073;0;0;0,00610998087090441;0,00101832955978073;0;0;0,00407331823912293;0;0;0,00305498867934219;0,00101832955978073;0;0;0;0;0;0;0;0;0;0;0,00407331823912293;0;0;0,00101832955978073;0;0,00305498867934219;0;0;0;0;0;0;0;0,0132382877893695;0;0;0,00203665911956146;0;0,00203665911956146;0;0;0;0;0;0;0;0;0;0;0;0;0;0,0112016286698081;0;0;0;0,00305498867934219;0,0112016286698081;0;0;0;0,00101832955978073;0;0;0,238289208306412;0,00203665911956146;0,00305498867934219;0,00610998087090441;0,00203665911956146;0;0,0234215904116169;0,00712831043068514;0
"43";2430;0;0;0,000867304174306756;0;0;0;0,00780572586277659;0,000867304174306756;0;0,000867304174306756;0,00867302613508861;0,54640068553053;0;0,00173460444661877;0,0667823043617781;0,0199479608911028;0;0,000867304174306756;0;0;0;0,00260190862092553;0;0;0;0,000867304174306756;0;0;0,00520381724185106;0,00260190862092553;0;0;0;0;0;0;0;0,000867304174306756;0;0;0,00607111751416308;0;0;0;0;0,00346920889323755;0;0;0;0;0;0;0;0,00954033030939537;0;0,000867304174306756;0,00693842168846984;0;0,000867304174306756;0;0;0;0;0,000867304174306756;0;0;0;0;0;0;0;0;0,00954033030939537;0;0;0;0,000867304174306756;0,00520381724185106;0;0;0;0,000867304174306756;0;0;0,2567215907674;0,00173460444661877;0,00433651306754431;0,00260190862092553;0;0;0,0156114478235584;0,00693842168846984;0
"44";2503;0;0;0,00199004755584267;0;0;0;0,00497512577020371;0,00298507362729635;0;0,000995026071453679;0,00696517332604638;0,47761194091468;0;0,00199004755584267;0,0855721412295933;0,0199004984937502;0;0;0;0;0;0,00696517332604638;0;0;0;0,00199004755584267;0;0;0,00497512577020371;0,00696517332604638;0;0;0;0;0;0;0;0;0;0;0,00696517332604638;0;0;0;0;0,00398009969875003;0;0;0;0;0,000995026071453679;0;0;0,0199004984937502;0;0,000995026071453679;0,0119402990962501;0;0,00199004755584267;0;0;0;0;0,00199004755584267;0;0;0;0;0;0;0;0;0,00995024695334274;0;0;0;0;0,00895522546895374;0,000995026071453679;0;0;0;0;0;0,266666666055058;0;0,00298507362729635;0,000995026071453679;0,000995026071453679;0,00298507362729635;0,0208955245652038;0,0119402990962501;0
"45";2572,5;0;0;0,00099701064936791;0;0;0;0,00498504350008005;0,00299102707472398;0;0;0,00697906479881587;0,455633091893755;0;0,010967097649528;0,0817547319201559;0,0209371895230679;0;0,00099701064936791;0;0;0,00099701064936791;0,00997009187353985;0;0;0;0,00099701064936791;0;0;0,00498504350008005;0,00997009187353985;0,00099701064936791;0;0;0;0;0;0;0;0,00099701064936791;0;0,00498504350008005;0,00099701064936791;0;0,00199401642535607;0;0,00498504350008005;0;0;0;0;0,00199401642535607;0;0;0,0179461624483439;0,00099701064936791;0,00099701064936791;0,00997009187353985;0;0;0;0;0;0;0;0;0;0;0;0;0;0;0,00099701064936791;0,010967097649528;0;0;0;0;0,00797607057480403;0;0;0;0,00099701064936791;0;0;0,286141569030615;0;0,00299102707472398;0,00498504350008005;0,00099701064936791;0,00099701064936791;0,0149551353736199;0,00797607057480403;0
