"";"";"Alnus.glutinosa.type";"Arceuthobium";"Calluna.vulgaris";"Castanea.sativa";"Cryptomeria.japonica";"Daphne";"Ericaceae";"Frangula.azorica";"Hedera.azorica";"Ilex.perado";"Juniperus.brevifolia";"Ligustrum";"Myrica.faya";"Myrsine.africana";"Picconia.azorica";"Pinus";"Prunus.lusitanica";"Vaccinium.cylindraceum";"Vitis";"Anagallis";"Angelica.lignescens";"Apiaceae";"Apium";"Artemisia";"Asteraceae.Subfam..Asteroideae";"Asteraceae.Subfam..Cichorioideae";"Bellis.type";"Brassicaceae";"Campanulaceae";"Centaurium";"Chaerophyllum.azoricum";"Chenopodiaceae.type";"Chrysanthemum.type";"Daucus.carota";"Euphorbia";"Euphrasia";"Falcaria.type";"Gnaphalium.type";"Hydrangea";"Hypericum";"Illecebrum.verticillatum";"Lysimachia";"Lythrum.portula";"Mentha.type";"Plantago.coronopus";"Plantago.lanceolata.type";"Plantago.maior";"Poaceae";"Polygonum.persicaria.type";"Potentilla.type";"Ranunculus.cortusifolius.type";"Rubiaceae";"Rumex.acetosella.type";"Rumex.obtusifolius.type";"Sagina";"Scabiosa";"Senecio.type";"Silene.type";"Spergula.type";"Urtica";"Veronica";"Xanthium";"Anogramma.leptophylla.Pteris.cretica";"Botrychium.lunaria";"Cheilanthes.type";"Culcita.macrocarpa";"Diphasiastrum.madeirense";"Dryopteris.dilatata.type";"Dryopteris.filix.mas.type";"Huperzia.selago";"Huperzia.suberecta";"Hymenophyllum.tunbrigense.type";"Lycopodium.inundatum";"Monolete.fern.spore";"Ophioglossum.azoricum";"Ophioglossum.lusitanicum";"Osmunda.regalis";"Polypodium";"Pteridium.aquilinum";"Selaginella.kraussiana";"Trichomanes";"Trilete.fern.spore"
"1";-8;0;0,00356379215389535;0,00213827559497441;0,00213827559497441;0,0128296505434745;0;0,022808267969107;0,00142551655892094;0,000712759036053477;0,0185317182923442;0,0648610117534257;0;0,0719885945480304;0,0342124019536605;0,00142551655892094;0,00427654967676281;0;0,00498930871281629;0;0,0106913749485;0,00855310086671164;0;0;0;0;0,0185317182923442;0;0;0;0;0;0,000712759036053477;0;0;0,0071275843077907;0;0;0;0,00285103311784187;0,00498930871281629;0,000712759036053477;0,00427654967676281;0,000712759036053477;0;0,000712759036053477;0,0071275843077907;0,00142551655892094;0,141126157491405;0;0,0128296505434745;0,00570206623568375;0;0,000712759036053477;0;0;0,000712759036053477;0;0;0;0;0;0;0,00213827559497441;0;0;0,0669992873484001;0;0;0;0;0,00213827559497441;0,000712759036053477;0;0,424091229997082;0;0;0,00142551655892094;0,000712759036053477;0,00570206623568375;0,0171062002202373;0,00356379215389535;0
"2";32;0;0,00729926939578802;0,00132713989014328;0,000663569945071638;0,0179163908958327;0;0,033842069577552;0,00199070983521491;0,000663569945071638;0,0159256810606178;0,0809555404354353;0,00265427978028655;0,102853351001698;0,026542800181764;0,00331784972535819;0,0106171191211462;0;0,00132713989014328;0;0,011944261390188;0,00928997923100294;0,000663569945071638;0;0;0;0,0272063701268357;0,000663569945071638;0;0;0;0;0;0;0;0,00199070983521491;0;0;0,000663569945071638;0,00199070983521491;0,00398141967042983;0;0,00464498961550147;0,00331784972535819;0;0,000663569945071638;0,0159256810606178;0,000663569945071638;0,138022562848292;0;0,0179163908958327;0,0086264092859313;0;0,000663569945071638;0;0,000663569945071638;0,00132713989014328;0;0;0,00199070983521491;0;0,000663569945071638;0;0,000663569945071638;0;0;0,0491041806930982;0;0;0;0;0,00199070983521491;0,000663569945071638;0;0,349037826791159;0;0;0,00597212950564474;0;0,0172528209507611;0,0086264092859313;0,00530855956057311;0
"3";46;0;0,00489795924827988;0,00244897849352769;0;0,00244897849352769;0;0,0179591831566181;0,000816326918250731;0,000816326918250731;0,0195918369931195;0,0767346941359767;0,00326530541177842;0,0881632664690379;0,0571428571428571;0,00163265383650146;0,00408163233002915;0;0;0;0,0195918369931195;0,0106122454148105;0;0;0;0;0,0236734693231487;0,00326530541177842;0;0;0;0;0;0;0;0,00244897849352769;0;0;0;0,00326530541177842;0,000816326918250731;0,000816326918250731;0,00326530541177842;0,00489795924827988;0;0,000816326918250731;0,0155102046630904;0;0,133061224360583;0;0,0122448969900875;0,0146938777448397;0;0;0;0;0,000816326918250731;0;0;0;0;0,000816326918250731;0;0,000816326918250731;0;0,000816326918250731;0,0506122440580758;0;0;0;0;0,00163265383650146;0,000816326918250731;0;0,382040819104606;0;0;0,00408163233002915;0;0,0130612239083382;0,0081632646600583;0,00734693774180757;0
"4";49;0,000979432467180396;0,00881488712137186;0;0,00195886323994356;0;0,000979432467180396;0,0068560238814283;0;0;0,0176297742427437;0,10675807961806;0;0,0666013704910877;0,0313418220056003;0,0117531828284958;0,000979432467180396;0,000979432467180396;0,00391772817430435;0;0,0068560238814283;0,0068560238814283;0,00195886323994356;0;0,000979432467180396;0,00489715894706751;0,00783545465419146;0,0068560238814283;0,000979432467180396;0;0;0;0;0;0;0,00293829570712395;0,000979432467180396;0;0;0,00195886323994356;0,0127326152956762;0;0,00391772817430435;0;0;0;0,0107737520557327;0,00195886323994356;0,147894221212212;0;0,0058765914142479;0,0195886391771045;0,00195886323994356;0,000979432467180396;0,000979432467180396;0;0,00195886323994356;0,000979432467180396;0;0;0;0;0;0,00195886323994356;0,000979432467180396;0,00195886323994356;0,0235063656569916;0,00195886323994356;0;0;0;0,00293829570712395;0;0;0,420176297979646;0;0;0,00391772817430435;0;0,00391772817430435;0,00881488712137186;0,0176297742427437;0
"5";142;0;0,0063424956797733;0,0042283291635416;0,0010570822908854;0;0;0,0317124745299447;0,0010570822908854;0,0010570822908854;0,0169133185886273;0,0655391117071993;0;0,0179704008795127;0,0359408036934863;0,0031712468726562;0,0031712468726562;0,0010570822908854;0,0063424956797733;0;0,0253699788501714;0,0137420717159711;0;0;0;0;0,0232558142684006;0,0042283291635416;0;0,0010570822908854;0,0010570822908854;0;0;0;0;0,00845666026154411;0;0;0;0,0021141645817708;0,0021141645817708;0;0,0116279071342003;0,0031712468726562;0;0,0010570822908854;0,0116279071342003;0;0,155391121908146;0;0,0158562362977419;0,0221987319775152;0;0;0;0;0,0010570822908854;0;0;0;0,0010570822908854;0,0031712468726562;0;0;0;0;0,0507399577003428;0;0;0;0;0,0010570822908854;0;0;0,400634252082777;0;0;0,0042283291635416;0,0010570822908854;0,0137420717159711;0,00951374255242951;0,0158562362977419;0
"6";149;0;0,00575184934883117;0,00246507803070579;0;0;0;0,0295809363684694;0,000821693287419596;0;0,0139687748968151;0,0599835660243584;0,000821693287419596;0,0838126548755497;0,0419063265219983;0,00164338474328619;0,00410846277399197;0,000821693287419596;0,00164338474328619;0;0,0312243229433086;0,00657354080469776;0;0;0;0;0,0115036968661093;0,00246507803070579;0;0;0,00164338474328619;0;0;0;0,00164338474328619;0,00493015606141157;0;0;0;0,000821693287419596;0,00164338474328619;0;0,0115036968661093;0,00246507803070579;0;0,00164338474328619;0,00903861883540354;0,000821693287419596;0,158586689084143;0;0,0230073955637717;0,0238290888511913;0;0;0;0;0;0;0;0;0;0,000821693287419596;0;0;0;0;0,0451930978401237;0;0;0;0;0,00493015606141157;0,000821693287419596;0;0,360723091265123;0;0;0,00328677131812538;0;0,0246507803070579;0,00739523409211736;0,0115036968661093;0
"7";180;0;0,00645161298396982;0,00161290324599246;0,00403225811498114;0;0;0,0153225808369283;0;0,00161290324599246;0,0161290324599246;0,082258063757712;0;0,0782258056427309;0,0274193551818717;0;0,00161290324599246;0;0,000806451622996228;0;0,0225806454438944;0,00967741947595474;0,00241935486898868;0;0;0,000806451622996228;0,0137096775909359;0,00725806460696605;0;0;0;0;0;0;0;0,000806451622996228;0;0;0;0,00483870973797737;0,0112903227219472;0;0,000806451622996228;0,00645161298396982;0;0,000806451622996228;0,00725806460696605;0,000806451622996228;0,130645161137486;0;0,0145161292139321;0,0169354840829208;0;0,00322580649198491;0,00241935486898868;0;0,000806451622996228;0,000806451622996228;0;0;0;0,00322580649198491;0;0;0;0,00483870973797737;0,0443548392647925;0,00322580649198491;0;0;0,000806451622996228;0,00483870973797737;0,000806451622996228;0;0,401612901100509;0;0;0,00403225811498114;0;0,0112903227219472;0,0056451613609736;0,0209677421979019;0
"8";246;0;0,00831793050197314;0,00277264350065771;0;0;0;0,0351201475225023;0;0,000924213803053494;0,0175600748069998;0,0831792987452397;0,00277264350065771;0,0924214409587691;0,03789279102316;0,00277264350065771;0,0046210711067647;0,000924213803053494;0,00184842969760422;0;0,03789279102316;0,0046210711067647;0;0;0;0;0,0157116451093956;0,00184842969760422;0;0;0;0;0;0,000924213803053494;0;0,00739371460742241;0;0;0;0,00277264350065771;0,00554528700131543;0,000924213803053494;0,0120147878056843;0,00184842969760422;0;0;0,0101663581080801;0,00277264350065771;0,146950092985875;0;0,0184842886100533;0,0120147878056843;0;0,000924213803053494;0;0;0;0;0,000924213803053494;0;0;0;0;0;0;0;0,0526802223295021;0;0;0;0,000924213803053494;0,00554528700131543;0;0;0,324399260295991;0;0;0,00369685730371121;0,000924213803053494;0,0221811459137645;0,00646950080436892;0,00831793050197314;0
"9";276,5;0;0,00530785635437769;0,00212314167635829;0,00212314167635829;0;0;0,0254777066067454;0;0,00106157083817915;0,0159235668996511;0,0700636947911612;0;0,0955414013979066;0,0403397026682173;0,00424628551619854;0;0,00636942719255683;0,00212314167635829;0;0,0552016987296893;0,0127388543851137;0,00106157083817915;0;0;0;0,0233545649303871;0;0,00106157083817915;0;0;0;0;0;0;0,00955413970709427;0;0;0,00106157083817915;0;0,00212314167635829;0;0,0233545649303871;0,00636942719255683;0;0;0,00955413970709427;0;0,131634820713407;0;0,0180467085760094;0,0106157105452734;0;0,00106157083817915;0;0;0,00318471251453744;0;0;0;0;0;0;0;0;0;0,0477707006989533;0;0;0;0;0;0;0;0,333333334054494;0;0;0,00212314167635829;0;0,0127388543851137;0,00955413970709427;0,0138004252232928;0
"10";338;0;0,00729926931599978;0,00182481840929192;0,000912408124353983;0;0;0,0246350366422292;0,000912408124353983;0;0,0164233570412915;0,112226279237146;0;0,0839416057763333;0,0364963509011668;0,000912408124353983;0,000912408124353983;0;0,000912408124353983;0;0,0228102182329373;0,00547445306729182;0,00364963465799989;0;0;0,000912408124353983;0,0173357673262294;0,000912408124353983;0;0;0;0;0;0;0;0,0063868611916458;0;0;0;0;0,00364963465799989;0;0,00547445306729182;0,00456204278235387;0;0;0,0109489061345836;0;0,132299270936438;0;0,0164233570412915;0,0191605835749374;0,00182481840929192;0,00821167960093772;0;0;0;0;0;0;0;0;0;0,000912408124353983;0,000912408124353983;0;0,0355839427768128;0;0;0;0;0,00456204278235387;0;0;0,37500000270073;0;0;0,00729926931599978;0;0,00729926931599978;0,00456204278235387;0,0145985407925835;0,00182481840929192
"11";367;0;0,00883218781374493;0,00196270840305443;0;0;0;0,0333660447586966;0;0,000981354201527214;0,0294406279525878;0,100098136182861;0;0,0549558390990667;0,0264965653480061;0,00490677100763607;0,000981354201527214;0;0,000981354201527214;0;0,0323846905571694;0,00981354201527214;0;0;0;0;0,016683023332734;0,00196270840305443;0;0;0;0;0;0;0,000981354201527214;0,00785083361221771;0;0;0;0;0;0,00294406260458164;0,00883218781374493;0,00294406260458164;0;0;0,00196270840305443;0,000981354201527214;0,124631993127813;0;0,0206084401388429;0,0107948962167994;0;0;0;0;0;0;0;0;0;0;0;0;0;0,000981354201527214;0,0559371933005939;0;0;0,000981354201527214;0;0,00294406260458164;0;0;0,371933270980384;0;0;0,00588812520916328;0;0,0314033363556422;0,0068694794106905;0,016683023332734;0
"12";472;0;0,0033641711244701;0,0033641711244701;0;0;0;0,0353238010823776;0;0,000841042068543925;0,024390242790129;0,0815811604570039;0;0,0714886470835936;0,0395290171256861;0,00168208698738225;0,000841042068543925;0,00252312905592617;0,00420521319301402;0;0,0227081586530412;0,0142977294167187;0;0,000841042068543925;0;0;0,015979816404101;0,00168208698738225;0;0;0;0;0,000841042068543925;0;0;0,00925147130486637;0;0;0;0;0,000841042068543925;0,000841042068543925;0,0100925162237047;0,0033641711244701;0;0,000841042068543925;0,0109335582922486;0;0,126997477763086;0;0,0117746003607925;0,020185029597115;0;0;0;0;0;0;0;0;0;0,000841042068543925;0;0;0;0;0,0428931882501562;0;0;0;0;0,0033641711244701;0;0;0,383515562345185;0;0;0,0067283422489402;0;0,0269133718460552;0,00841042923632245;0,0067283422489402;0
"13";505;0,000821019055988291;0,00246305509571532;0,00821018019863515;0,00164203603972703;0;0;0,0295566487150865;0;0,000821019055988291;0,0139573073738045;0,080459768018874;0,000821019055988291;0,0566502444067073;0,0270935956916208;0,0123152713340775;0,00164203603972703;0,000821019055988291;0,00246305509571532;0;0,0270935956916208;0,00821018019863515;0,00164203603972703;0;0;0,000821019055988291;0,00903119925462344;0,00410509113544235;0;0;0;0;0;0;0;0,00903119925462344;0;0;0;0;0,00574712717516938;0;0,0106732352943505;0;0;0,000821019055988291;0,00903119925462344;0;0,13218390637865;0;0,0180623964369973;0,0139573073738045;0;0,000821019055988291;0;0;0,000821019055988291;0,000821019055988291;0;0;0;0;0;0;0;0,00164203603972703;0,0303776677710748;0;0;0;0;0,00246305509571532;0;0;0,447454836367487;0,000821019055988291;0;0,00328407207945406;0;0,00985221623836218;0,00574712717516938;0,00574712717516938;0
"14";530;0,00075757465344868;0,00303030375470386;0;0;0;0,00075757465344868;0,0340909082438275;0;0,00075757465344868;0,0242424248967218;0,0522727282015961;0;0,0568181812631973;0,0454545460387397;0,00151515187735193;0,00227272653080061;0;0,00530303028550448;0;0,028787877958323;0,00984848591756027;0;0;0;0;0,0212121211420179;0,00303030375470386;0;0;0;0;0;0;0;0,00606060493895316;0;0;0;0;0,00151515187735193;0,00075757465344868;0,0318181817130269;0,00227272653080061;0;0,00075757465344868;0,0128787871018096;0;0,127272729422562;0;0,0174242427338654;0,0174242427338654;0;0;0;0;0;0;0;0;0;0,00227272653080061;0;0,00151515187735193;0;0,00075757465344868;0,0500000016707955;0;0;0,00151515187735193;0,00075757465344868;0,00151515187735193;0;0;0,39015151973744;0;0;0,00530303028550448;0,00075757465344868;0,019696969264666;0,00909090869365702;0,00833333404020834;0
"15";553;0;0,0068027217374705;0;0;0;0,00185528806198175;0,025974025928969;0;0,00123685755152525;0,0272108852151881;0,0482374774686684;0;0,0377241813419282;0,045763760630924;0;0;0;0,00371057438926962;0;0,00247371683774437;0,0185528754157359;0;0;0;0;0,032158317155983;0,003092145613507;0;0;0;0;0;0;0;0,0105132961267401;0;0;0;0;0,00185528806198175;0;0,00742115051323312;0,00556586245125137;0;0;0,00371057438926962;0;0,0748299321734;0;0,00432900489972613;0,0210265922534802;0;0;0;0;0;0;0;0;0;0;0;0,00123685755152525;0;0;0,0871985163621219;0,00123685755152525;0;0,00247371683774437;0,000618428775762624;0,00494743367548875;0;0;0,469387754783424;0;0,000618428775762624;0,00371057438926962;0;0,0222634515396994;0,0098948673509775;0,0123685841887219;0
"16";586;0;0,00447427338898648;0,00298284892599099;0;0;0,000745711153197966;0,0231170759415308;0,000745711153197966;0;0,0231170759415308;0,0865026102273404;0;0,0700969432909896;0,0447427295766657;0,000745711153197966;0;0,00298284892599099;0,00596569785198198;0;0,00447427338898648;0,00447427338898648;0;0;0;0;0,0201342291721394;0,000745711153197966;0;0;0;0,00149142446299549;0;0;0;0,00521998454218445;0;0;0;0;0,000745711153197966;0,00149142446299549;0,00149142446299549;0,00298284892599099;0;0;0;0;0,0924683080793224;0;0,00596569785198198;0,0156599557831529;0;0,000745711153197966;0;0,000745711153197966;0;0;0;0;0;0;0;0,000745711153197966;0;0;0,0425055939604723;0;0;0;0;0,00596569785198198;0;0;0,481730054102354;0,000745711153197966;0;0,00298284892599099;0;0,0223713647883329;0,00521998454218445;0,0126771068571619;0
"17";596;0;0,00619194987873937;0;0;0;0,000773993296955421;0,0116099064605233;0;0,00232198164241426;0,0170278630423073;0,0773993804904341;0,00232198164241426;0,0719814239086502;0,0348297211331179;0,000773993296955421;0;0;0,00386996823632511;0,000773993296955421;0,00232198164241426;0,00773993822419821;0;0;0;0;0,014705883151441;0,00154798834545884;0;0;0;0;0;0;0,00154798834545884;0,0108359131635679;0;0;0;0;0;0,000773993296955421;0,00309597493936968;0,000773993296955421;0;0;0;0;0,103715170102398;0;0,0108359131635679;0,0247678012665055;0;0;0;0;0,000773993296955421;0;0;0;0;0;0;0,000773993296955421;0;0;0,0572755425087572;0;0;0,0100619198666125;0,000773993296955421;0,00154798834545884;0;0;0,427244585421716;0;0;0,00619194987873937;0;0,0541795675693875;0,0154798764483964;0,0131578948059822;0
"18";604;0;0,00817661483492798;0,00327064522293277;0;0;0;0,0335241215342432;0;0,00245298480599761;0,0147179070583896;0,104660670242597;0;0,0515126738155655;0,0490596890095679;0,00490596961199522;0;0;0,00245298480599761;0,000817662194531226;0,00817661483492798;0,0106295996409256;0;0;0;0;0,0188062144758536;0,00245298480599761;0;0;0;0;0;0;0;0,0065412922234616;0;0;0;0;0,00163532261146638;0;0,00408830741746399;0;0;0;0,00245298480599761;0,00163532261146638;0,0695012260968879;0;0,00981193744639437;0,0253475066993152;0,000817662194531226;0;0;0;0,00163532261146638;0;0;0;0;0;0,000817662194531226;0,000817662194531226;0;0;0,0621422734564911;0;0;0;0;0,00245298480599761;0;0;0,464431722979429;0;0;0,00327064522293277;0;0,00981193744639437;0,00981193744639437;0,00735895264039676;0
"19";613;0;0,00907911741077079;0;0;0;0;0,0486381317222365;0;0,000648508267528652;0,0246433208275674;0,0875486377661736;0,000648508267528652;0,0363164729738225;0,0466926069196506;0,00194552480258596;0,000648508267528652;0;0,00518806780559888;0;0,00324254133764326;0,00778210087571348;0;0;0;0;0,0233463042925101;0,00259403307011461;0;0;0;0,000648508267528652;0,000648508267528652;0;0;0,00713359260818483;0;0;0;0;0;0,000648508267528652;0,00518806780559888;0,00259403307011461;0;0;0,0012970165350573;0;0,0616083004035489;0;0,0123216604137837;0,0214007778245545;0,0012970165350573;0;0;0;0,000648508267528652;0;0;0;0;0,000648508267528652;0;0,00259403307011461;0;0;0,083009079893473;0,000648508267528652;0;0,00648508434065618;0;0,0012970165350573;0,000648508267528652;0;0,393644619977441;0;0;0,00389105127054157;0;0,069390402944632;0,0116731521462551;0,0116731521462551;0
"20";621;0,00184501898149308;0,00799508038925804;0,00246002484268778;0;0;0,000615005861194701;0,0239852397698652;0;0,00184501898149308;0,0159901593806071;0,118696187126936;0;0,0239852397698652;0,0356703567242004;0,00246002484268778;0;0;0,0012300117223894;0;0,00430504242627188;0,0104551052319458;0,000615005861194701;0;0;0,0012300117223894;0,0172201725009055;0,00430504242627188;0;0;0;0;0;0;0;0,00861008625045274;0;0;0;0;0;0;0,00246002484268778;0,00307503070388248;0;0;0,0012300117223894;0;0,0362853625853951;0;0,0104551052319458;0,0295202953164354;0;0;0;0;0,0012300117223894;0,00184501898149308;0;0;0,000615005861194701;0,00184501898149308;0;0,000615005861194701;0;0,00184501898149308;0,0578105775125724;0;0;0,000615005861194701;0,000615005861194701;0,00184501898149308;0;0;0,52460024563106;0;0;0,0012300117223894;0;0,0166051666397108;0,0135301359358283;0,00861008625045274;0
"21";628;0;0,00748847990109089;0,00230414691776742;0;0;0;0,021889400555484;0;0,00345622106760735;0,021889400555484;0,0691244241159719;0;0,0299539168405387;0,0478110599444516;0,00345622106760735;0,000576036383963743;0,000576036383963743;0,00172811053380367;0;0,00115207414983993;0,0149769584202693;0;0;0;0;0,0241935488551639;0,00230414691776742;0;0;0;0;0,000576036383963743;0;0;0,011520737352662;0;0;0;0;0,00115207414983993;0;0,00460829521744728;0,00403225745157109;0;0;0;0;0,0403225814252732;0;0,00633640575125096;0,0299539168405387;0,00115207414983993;0;0;0;0;0;0;0;0;0,00115207414983993;0;0,000576036383963743;0;0;0,0835253461522775;0;0;0,0069124421352147;0;0,00115207414983993;0;0;0,487903227645287;0;0,000576036383963743;0,00403225745157109;0,000576036383963743;0,0339861756740222;0,016705068954073;0,010368663202822;0
"22";635;0;0,00499168109795377;0,00277315536205418;0;0;0;0,00998336099069401;0;0,00166389369931792;0,0227398785486557;0,067665002404172;0;0,0116472546900119;0,0321686075027681;0,00166389369931792;0;0;0,00277315536205418;0;0;0,017748197450702;0;0;0;0;0,0288408213093458;0,00166389369931792;0;0;0;0;0;0;0;0,00776483646000796;0;0;0;0;0,00166389369931792;0;0;0,00277315536205418;0;0;0;0;0,0155296729200159;0;0,00055463083136813;0,0316139766714;0;0,00332778739863585;0;0;0,00055463083136813;0,00166389369931792;0;0;0;0;0;0,00055463083136813;0;0;0,0643372162107497;0;0;0,00055463083136813;0;0,00277315536205418;0;0;0,641153632755957;0;0;0,00166389369931792;0,00055463083136813;0;0,00721020562863983;0,00942873015932588;0
"23";642;0,000583090412396195;0,00466472329916956;0,00116618082479239;0;0;0;0,00699708494875434;0;0,00233236164958478;0,0274052482374317;0,0874635561334818;0;0,0169096208143002;0,0250728865878469;0,00349854247437717;0;0;0,00233236164958478;0;0;0,0250728865878469;0;0;0;0;0,0349854224533927;0,00408163288677337;0;0;0;0;0;0;0;0,010495626277942;0;0;0;0;0,00466472329916956;0;0,00116618082479239;0,00583090412396195;0;0;0;0;0,0215743441134697;0;0,000583090412396195;0,0431486882269395;0,00116618082479239;0,00116618082479239;0;0;0,00116618082479239;0,000583090412396195;0;0;0;0;0;0;0;0;0,0711370257315778;0;0;0,0116618071027344;0,000583090412396195;0,00174927123718859;0;0;0,559183672277456;0;0;0;0;0,00583090412396195;0,0110787166903382;0,00466472329916956;0
"24";649;0;0,00155199205460152;0;0;0;0;0,00620796719357423;0;0;0,032591825972809;0,0755302632516871;0;0,00724262822169796;0,00982928130442322;0,00310398308437118;0;0;0;0;0,00103466102812373;0,0144852564433959;0,0113812723341929;0,00155199205460152;0;0,00310398308437118;0,025349197751111;0,00206932205624746;0,000517331026477797;0;0;0;0;0;0;0,0103466113060691;0,000517331026477797;0;0;0;0,00206932205624746;0;0,00103466102812373;0,000517331026477797;0;0;0;0;0,00879461925146762;0;0,000517331026477797;0,061562337834769;0;0,00310398308437118;0;0;0,00362131411084898;0,000517331026477797;0;0,00155199205460152;0;0,000517331026477797;0;0,00103466102812373;0;0,00258665308272525;0,0450077603599574;0,000517331026477797;0;0,00206932205624746;0;0,00103466102812373;0;0;0,635799275057509;0;0;0,00206932205624746;0;0;0,0129332643887944;0,00672529719522017;0
"25";656;0;0,000295508129517155;0,000295508129517155;0;0;0;0,00886524803563285;0;0;0,0295508274771292;0,0265957451444281;0;0,00443262401781642;0,0109338059797825;0,0029550823327011;0;0;0,000591016259034309;0;0,000591016259034309;0,019208037756381;0;0;0;0;0,031914893550796;0,00177304981463248;0;0;0;0;0;0;0;0,010047281591231;0;0;0;0;0,000591016259034309;0;0,00118203355559817;0,00265957420318394;0;0;0;0;0,00502364027685073;0;0,000591016259034309;0,0478723408449588;0,000295508129517155;0;0;0;0;0;0;0;0;0,000295508129517155;0;0,00147754168511533;0;0;0,0644208033606263;0;0;0,010047281591231;0,000295508129517155;0,00147754168511533;0;0;0,690898346083271;0;0;0,00206855794414963;0;0,000295508129517155;0,0141843974795303;0,00827423177659854;0
"26";663;0;0,00173535827627914;0;0;0;0;0,00911062894916399;0;0,00260303684261828;0,0316702819663894;0,0802603034097976;0;0,0104121473704731;0,018221257898328;0,00260303684261828;0;0;0,00303687669758828;0;0,00173535827627914;0,017787418043358;0;0;0;0;0,0264642082811528;0,00260303684261828;0;0;0;0;0;0;0;0,00997830751550313;0;0;0;0;0;0;0,00173535827627914;0,00173535827627914;0;0;0;0;0,00520607368523656;0;0,00173535827627914;0,0290672451237711;0;0;0;0;0;0;0;0;0;0,000433839854970002;0;0,00130151842130914;0;0;0,0702819958942945;0,000433839854970002;0;0,0251626898598437;0;0,00260303684261828;0;0;0,622125812247375;0;0,00130151842130914;0,00216919698764828;0,000433839854970002;0;0,00780911052785485;0,00824295038282485;0
"27";702;0;0,00137236994285058;0,00274473884361516;0;0;0,000457456994978858;0,00457456578144459;0;0;0,0283623055523673;0,100640438855093;0;0,00548947872931631;0,0182982620836924;0,00137236994285058;0;0;0;0;0,000457456994978858;0,022872826823051;0,00137236994285058;0;0;0;0,029277218500239;0,00182982589574344;0;0;0;0;0;0;0,000457456994978858;0,00731930462505975;0;0;0;0;0,000914912947871719;0;0;0,00182982589574344;0;0;0;0;0,00548947872931631;0;0,00137236994285058;0,0329368713338119;0;0;0;0;0;0,000457456994978858;0;0;0;0,000457456994978858;0;0;0;0;0,0594693499483497;0;0;0,00182982589574344;0;0;0;0;0,651875568625296;0;0;0,000457456994978858;0;0;0,0128087833543761;0,00320219583859401;0
"28";743;0;0;0,000742942508638218;0;0;0;0,00742942043259319;0;0,00297176770765838;0,0208023774439504;0,254829122234083;0;0,005943536578764;0,0193164935901212;0,000742942508638218;0;0;0,00222882636246741;0;0;0,0148588408651864;0;0,00148588385382919;0;0;0,0267459140227144;0,000742942508638218;0;0;0;0;0;0;0;0,00891530428642238;0;0;0;0;0,00148588385382919;0;0;0,000742942508638218;0;0;0;0;0,00668647792395497;0;0,000742942508638218;0,0267459140227144;0;0;0;0;0,000742942508638218;0;0;0;0;0;0;0;0;0;0,0713224366182735;0,000742942508638218;0;0,0148588408651864;0;0,00297176770765838;0;0;0,480683505246432;0;0;0,00520059407012578;0,000742942508638218;0,000742942508638218;0,00965824679506059;0,00817236294123141;0
"29";774;0;0,003364736999755;0,000672947158901202;0;0;0;0,006729475204759;0;0,006729475204759;0,0228802154551308;0,211305518777885;0;0,0047106325228064;0,013458950409518;0,0020188426819526;0;0;0,0020188426819526;0;0,0026917898408538;0,0154777930914706;0,0020188426819526;0;0;0;0,0127860032506168;0,006729475204759;0,0040376853639052;0;0,000672947158901202;0;0,0020188426819526;0;0;0,003364736999755;0,000672947158901202;0;0;0;0,0026917898408538;0;0,0020188426819526;0;0;0;0;0;0,0060565280458578;0;0,0013458955230514;0,0248990581370834;0;0;0;0;0,0040376853639052;0;0;0;0;0,003364736999755;0;0;0,0013458955230514;0,000672947158901202;0,0652759081603884;0,000672947158901202;0;0,000672947158901202;0;0,0020188426819526;0;0;0,540376850625929;0;0;0,003364736999755;0;0,0013458955230514;0,003364736999755;0,0121130548864666;0
"30";807;0,000541418520037908;0,00595560372041699;0,000541418520037908;0;0;0;0,00866269632060653;0;0,00378992964026536;0,0200324852414026;0,148890091925422;0;0,00541418520037908;0,0184082296812889;0,00541418520037908;0;0;0,00216567408015163;0;0,000541418520037908;0,0297780186020849;0;0;0;0;0,0346507852824261;0,00162425556011372;0;0;0;0;0,000541418520037908;0;0;0,0108283704007582;0;0;0;0;0,000541418520037908;0;0;0,00270709260018954;0;0;0;0;0,00595560372041699;0;0,00162425556011372;0,0373578778826157;0,00108283704007582;0;0;0;0,00162425556011372;0;0;0;0;0;0;0;0;0;0,0795885213605698;0,000541418520037908;0;0,00920411484064444;0;0,00324851112022745;0;0;0,539252841617746;0;0;0,00162425556011372;0,000541418520037908;0;0,0124526259608719;0,00487276668034117;0
"31";837;0;0,00283486882406685;0,000708717206016713;0;0;0,000708717206016713;0,00283486882406685;0;0,00212615161805014;0,0262225377381393;0,0963855422493148;0;0,00637845485415042;0,0106307580902507;0,00425230323610028;0;0;0,000708717206016713;0;0,000708717206016713;0,0396881646524568;0;0,00141743441203343;0;0;0,0552799431848245;0,000708717206016713;0;0;0;0;0;0;0;0,0127569097083008;0;0;0;0;0,00141743441203343;0,000708717206016713;0;0,00212615161805014;0;0;0;0;0,00425230323610028;0;0,00141743441203343;0,106307583133549;0;0;0;0;0,000708717206016713;0;0;0;0,000708717206016713;0;0;0;0;0;0,0354358614163566;0;0;0,00141743441203343;0,000708717206016713;0,00212615161805014;0;0;0,560595323345471;0;0,000708717206016713;0,000708717206016713;0;0;0,0106307580902507;0,0056697376481337;0
"32";871;0;0,000541711846918288;0,000541711846918288;0;0;0;0,00812567669781549;0,000541711846918288;0;0,0200433373300178;0,0249187429463236;0;0,00541711846918288;0,0043336947753463;0,000541711846918288;0;0;0,000541711846918288;0;0,000541711846918288;0,0400866736540768;0,00108342369383658;0,000541711846918288;0;0;0,0855904657773365;0,00216684738767315;0;0;0;0;0;0;0;0,00920910039165206;0;0;0;0;0,00108342369383658;0;0;0,000541711846918288;0;0;0;0;0,00541711846918288;0;0,000541711846918288;0,131635969747514;0;0;0;0;0;0;0;0;0;0;0;0,00162513554075486;0,000541711846918288;0;0,0200433373300178;0;0;0;0;0,00108342369383658;0;0;0,606717225292253;0;0;0,00108342369383658;0;0;0,023835319252487;0,00108342369383658;0
"33";914;0;0,00054229979221465;0;0;0;0;0,00650759247674935;0;0;0,0173535792673548;0,0124728851612841;0;0,0130151839475334;0,00433839431385604;0;0;0;0,00054229979221465;0;0,00054229979221465;0,0515184380098496;0,00108459857846401;0;0;0;0,0667028201202763;0,00162689837067866;0;0;0;0;0;0;0;0,0119305853690694;0;0;0;0;0;0;0,00054229979221465;0;0;0;0;0;0,0173535792673548;0;0,00325379573539203;0,169739696139976;0;0;0;0;0,00271149694914267;0;0;0;0;0,00054229979221465;0;0;0;0;0,0287418658501748;0;0;0,00054229979221465;0;0,00108459857846401;0;0;0,560195225631596;0;0;0,00108459857846401;0,00054229979221465;0;0,0254880691088175;0;0
"34";964;0;0,00396039550412704;0,00198019775206352;0;0;0;0,00792079213498677;0;0,00660066030027775;0,0310231026225926;0,200000001126733;0;0,00594059438292324;0,0145214524352645;0,00132013183470901;0;0;0;0;0,000660065917354507;0,0217821786528968;0,00330032958677254;0;0;0,000660065917354507;0,0250825082396693;0,00726072621763226;0;0;0;0;0;0;0;0,00330032958677254;0;0;0;0;0,00132013183470901;0;0,00198019775206352;0,00132013183470901;0;0;0;0;0,00396039550412704;0;0,00198019775206352;0,0283828389531745;0;0;0,000660065917354507;0;0,00132013183470901;0;0;0;0,000660065917354507;0,00132013183470901;0;0,000660065917354507;0;0;0,0376237629228703;0;0,000660065917354507;0,00198019775206352;0;0,00330032958677254;0;0;0,56303630524795;0;0;0,00132013183470901;0,00132013183470901;0,00264026366941803;0,00594059438292324;0,00330032958677254;0
"35";1018;0;0,00407687843667813;0;0;0;0;0,00407687843667813;0;0,00815375687335626;0,0145602790366427;0,160163074874823;0;0,00582411205239733;0,0326150263990744;0,0052417008471576;0;0;0,0034944672314384;0;0,00116482241047947;0,0145602790366427;0;0;0;0;0,0355270824252731;0,00116482241047947;0;0;0;0;0;0;0;0,008736168078596;0;0;0;0;0;0,000582411205239733;0;0,00116482241047947;0,000582411205239733;0;0;0;0,0017472336157192;0;0,00232964482095893;0,031450203988595;0;0;0;0;0,000582411205239733;0;0;0;0;0;0;0,000582411205239733;0;0;0,060570763156231;0,0017472336157192;0;0,00815375687335626;0;0,00232964482095893;0;0;0,567268489827787;0;0;0,00232964482095893;0;0,000582411205239733;0,0133954566261633;0,0052417008471576;0
"36";1055;0;0,000575374393714054;0,00517836629486493;0;0;0;0,00632911399943919;0,00115074770457426;0,00230149649200237;0,0253164559977568;0,173187571228299;0;0,00460299190115088;0,0212888374074661;0,00287686980286257;0;0;0;0;0,00230149649200237;0,0241657072103287;0;0;0;0;0,0218642118011801;0,00460299190115088;0;0;0;0;0;0;0;0,00517836629486493;0;0;0;0;0,000575374393714054;0;0;0;0;0;0;0;0,00230149649200237;0;0,000575374393714054;0,0235903338994685;0;0;0;0;0;0;0;0;0;0;0;0;0;0;0,0506329109126597;0;0;0,000575374393714054;0;0,00230149649200237;0;0;0,609321056298766;0;0;0,00115074770457426;0;0;0,00517836629486493;0,00287686980286257;0
"37";1090;0;0,00124378119930819;0;0;0;0;0,00746268619294696;0;0;0,0414593692986642;0,0236318407810512;0;0,0066334987267415;0,00829187365915241;0,00207296866551364;0;0;0;0;0,000829187466205457;0,0385572141698473;0,000414593733102728;0;0;0;0,0381426204367446;0,00621890499363877;0;0;0;0;0;0;0;0,0157545608550015;0;0;0;0;0,000829187466205457;0;0,000829187466205457;0,00124378119930819;0;0;0;0;0,0029021561317191;0;0;0,028606965578284;0;0;0;0;0,000414593733102728;0,000414593733102728;0;0;0;0,000414593733102728;0;0;0;0;0,0762852398705869;0,000829187466205457;0;0,000414593733102728;0,000829187466205457;0,00456053106413001;0;0;0,643864012348919;0;0,00331674986482183;0,00373134359792456;0;0;0,0339966831057173;0,0058043122634382;0
"38";1127;0;0,000989119436338261;0;0;0;0;0,00741839727772984;0;0,00049456021990009;0,0435212662369646;0,0267062318053665;0;0,00692383806129167;0,00840751771753002;0,00049456021990009;0;0;0;0;0,00148367965623835;0,0390702272682495;0,00148367965623835;0;0;0;0,0489614246420179;0,00642927784139158;0;0;0;0;0;0;0;0,0192878335241747;0;0;0;0;0,0029673593124767;0;0,00049456021990009;0,00049456021990009;0;0;0;0;0,00197823887267652;0;0,00049456021990009;0,0272007910218047;0;0;0;0;0;0,00197823887267652;0;0;0;0,00049456021990009;0;0;0;0;0,0776458953200609;0,00049456021990009;0;0,00148367965623835;0,000989119436338261;0,00346191852891487;0;0;0,61523244192861;0;0,00346191852891487;0,00494559818515323;0;0;0,0380811078319113;0,00642927784139158;0
"39";1179,5;0;0,00619408175304956;0,000688230818626672;0;0;0;0,0075705433903029;0;0,00275292546721144;0,0419821062486841;0,185134205327574;0;0,00550584983807051;0,0330351001247754;0,00619408175304956;0;0;0,00481761901944384;0;0,00344115628583811;0,0165175495142115;0,00137646273360572;0;0;0;0,0282174811053316;0,00137646273360572;0;0;0,000688230818626672;0,000688230818626672;0;0;0;0,00688231257167623;0;0;0;0;0,000688230818626672;0;0;0,000688230818626672;0;0;0;0;0,00550584983807051;0;0,000688230818626672;0,0206469377150287;0;0;0;0;0,000688230818626672;0;0;0;0;0,000688230818626672;0;0;0;0;0,0791465934779243;0;0;0,0123881624097467;0,000688230818626672;0,000688230818626672;0;0;0,509979353448201;0;0;0,00206469355223239;0;0;0,00619408175304956;0,00619408175304956;0
"40";1202;0;0,00476514591745912;0,000680735588811382;0;0;0;0,0122532331220903;0;0,00204220569836063;0,0347174947359836;0,193328795074713;0;0,00340367580790987;0,0211027915043441;0,00476514591745912;0;0;0,00272294128717201;0;0,00476514591745912;0,0176991146283608;0,00136147010954925;0,000680735588811382;0;0;0,0251872018329919;0,00272294128717201;0;0;0;0,000680735588811382;0;0;0;0,0054458815062705;0;0;0;0;0,00204220569836063;0;0;0;0;0;0;0;0,00476514591745912;0;0,000680735588811382;0,0211027915043441;0;0;0;0;0;0,00136147010954925;0;0;0;0;0;0,000680735588811382;0;0;0,0551395506515164;0;0;0,00408441139672126;0;0,000680735588811382;0;0;0,550034036405615;0;0,00204220569836063;0,00136147010954925;0;0;0,00680735161581975;0,010891763012541;0
"41";1241;0,000669792258235687;0,00669792369823095;0,000669792258235687;0;0;0;0,00803750821470232;0;0,0040187546652882;0,0301406560841022;0,248492967976907;0;0,00736771595646664;0,0234427323858713;0,0040187546652882;0;0;0,00133958451647137;0;0,00133958451647137;0,0187541865782215;0,000669792258235687;0;0;0;0,017414600945876;0,000669792258235687;0;0;0;0;0;0;0;0,00669792369823095;0;0;0;0;0;0;0;0;0;0;0;0;0,0040187546652882;0;0,000669792258235687;0,024112524644107;0,000669792258235687;0,000669792258235687;0;0;0,000669792258235687;0,000669792258235687;0;0;0;0;0;0;0;0;0,0696584060152522;0,000669792258235687;0;0,00535833918175958;0;0,00133958451647137;0;0;0,494976558063232;0;0;0,00334896129117843;0;0;0,00535833918175958;0,00736771595646664;0
"42";1278;0;0,00340599476137806;0,00204359643257616;0;0;0;0,00749318762653038;0;0,00272479559697711;0,0306539507311492;0,165531334372456;0;0,00613079035835517;0,0374659402539053;0,0013623983288019;0;0;0,00204359643257616;0;0;0,0224795639402178;0;0;0;0;0,0279291551341721;0,00272479559697711;0;0;0;0;0;0;0;0,00613079035835517;0;0;0,000681199164400952;0;0,0013623983288019;0,000681199164400952;0;0,000681199164400952;0;0;0;0;0,00749318762653038;0;0,0013623983288019;0,0231607631046188;0;0;0;0;0;0,000681199164400952;0;0;0;0;0;0,000681199164400952;0;0;0,0653950953880773;0;0;0,000681199164400952;0;0,00408719392577902;0,000681199164400952;0;0,562670297669847;0,000681199164400952;0;0,000681199164400952;0;0;0,00749318762653038;0,00272479559697711;0
"43";1320;0;0,008000000439552;0,00133333358614756;0;0;0;0,00733333364647822;0;0,00399999968110933;0,0213333330690276;0,182666665750215;0;0,00733333364647822;0,0319999996035413;0,00266666717229511;0;0;0,00133333358614756;0;0,00200000037922133;0,0226666666551751;0;0;0;0;0,0259999995432107;0,00533333326725689;0;0;0;0;0;0;0;0,00666666685340444;0;0;0;0;0,000666666793073778;0;0;0;0;0;0;0;0,00866666615529245;0;0;0,0293333335085796;0;0;0;0;0,000666666793073778;0,000666666793073778;0;0;0;0,000666666793073778;0;0;0;0;0,0713333328535609;0;0;0,00466666647418311;0;0,00266666717229511;0,00200000037922133;0;0,521333331991694;0;0;0,00133333358614756;0;0;0,0173333333879182;0,008000000439552;0
"44";1378;0;0,00739371526365223;0,000616143024743663;0;0;0;0,00554528618942125;0;0,00369685814846198;0,0412815774914668;0,214417744712458;0;0,00308071512371831;0,027726431980378;0,00308071512371831;0;0;0;0;0,00184842907423099;0,0209488597414694;0,000616143024743663;0,000616143024743663;0;0;0,0141712875025608;0,00246457209897465;0,000616143024743663;0;0;0,000616143024743663;0;0;0;0,00616142921416491;0;0;0;0;0,000616143024743663;0;0,000616143024743663;0,00123228604948733;0;0;0;0;0,00123228604948733;0;0,000616143024743663;0,0154035735520481;0;0;0;0;0;0;0;0;0;0;0;0,000616143024743663;0;0,000616143024743663;0,0499075788046064;0;0;0,00308071512371831;0;0,00184842907423099;0;0;0,558225507055466;0;0;0,00123228604948733;0,000616143024743663;0;0,00492914316467758;0,00431300013993392;0
"45";1408;0;0,00422535169515473;0,000704225282525788;0;0;0;0,00985915499550189;0,000704225282525788;0,00140845056505158;0,0338028166816604;0,192957747174742;0;0,00492957697768052;0,0218309858385811;0,00422535169515473;0;0;0,000704225282525788;0;0;0,0267605638564025;0;0;0;0;0,0330985913991346;0,000704225282525788;0;0;0;0;0;0;0;0,00985915499550189;0;0;0;0;0,00211267584757736;0;0,000704225282525788;0,00211267584757736;0;0;0;0;0,00281690113010315;0;0,00140845056505158;0,0323943661166088;0;0;0;0;0,000704225282525788;0;0;0;0;0;0;0,000704225282525788;0;0;0,0683098596859874;0;0;0,00633802858287294;0,00140845056505158;0,00492957697768052;0,000704225282525788;0;0,504929579578033;0,00140845056505158;0;0,00140845056505158;0;0;0,0133802814081308;0,00845070443045031;0
"46";1434;0;0,00698215698159457;0,0031031808807087;0;0;0;0,00465477132106305;0;0,00155159044035435;0,035686579079275;0,251357640848654;0;0,00698215698159457;0,0318076029783891;0,00543056654124022;0;0;0;0;0,00155159044035435;0,0232738555564402;0;0;0;0;0,0248254459967945;0,000775795220177175;0;0;0;0;0;0;0;0,0062063617614174;0;0;0;0;0,000775795220177175;0;0;0;0;0;0;0;0,0031031808807087;0;0,00232738566053152;0,0131885176941369;0;0;0,000775795220177175;0;0;0;0;0;0;0,00155159044035435;0;0;0;0;0,0473235063330575;0;0;0;0;0,000775795220177175;0;0,000775795220177175;0,512800619559611;0;0;0,00232738566053152;0;0;0,00775795220177175;0,00232738566053152;0
"47";1460,5;0;0,00476190530121882;0,00178571408728741;0;0;0;0,00773809544669785;0;0,00416666620367063;0,0196428570970663;0,147619048310998;0;0,0208333331552579;0,0261904764855726;0,00595238135941043;0;0;0,00297619014547902;0;0,00297619014547902;0,0291666666310516;0,000595238029095805;0;0;0;0,0202380951261621;0,000595238029095805;0,000595238029095805;0;0;0;0;0;0;0,00892857150488945;0;0;0;0;0,00119047605819161;0,00416666620367063;0;0;0;0;0;0;0,00833333347579365;0;0,00178571408728741;0,0226190472425453;0;0;0;0;0,000595238029095805;0;0;0;0;0,00297619014547902;0;0;0;0;0,0595238093202948;0;0;0;0,000595238029095805;0,00178571408728741;0;0,000595238029095805;0,567857144932993;0;0;0,00297619014547902;0;0,000595238029095805;0,00952380953398526;0,0101190475630811;0
"48";1485;0;0;0,000773694020338884;0;0;0;0,00154738904531993;0;0;0,0166344289721023;0,0239845256815692;0;0,00812379072980587;0,00154738904531993;0,00154738904531993;0;0;0;0;0,00116054153282941;0,042553191211482;0;0,00154738904531993;0;0;0,0661508703852028;0,00348162459848823;0;0;0;0;0;0;0;0,00889748575478692;0;0;0;0;0,00193423555316829;0;0;0;0;0;0;0;0,00580270766414705;0;0,000386847512490525;0,063829787319544;0;0;0;0;0;0;0;0;0;0,000386847512490525;0;0;0;0;0,027852997792548;0;0;0,000386847512490525;0;0,000386847512490525;0;0,000386847512490525;0,704835590088491;0;0;0;0;0;0,014700193418934;0,00116054153282941;0
"49";1510;0;0,00113938495412473;0,00113938495412473;0;0;0;0,00455753881270096;0;0,000379794984708242;0,0136726164381029;0,0208887201437615;0;0,00417774382799272;0,00265856388915975;0,00189897492354121;0;0;0;0;0,00113938495412473;0,0459551841155158;0,000379794984708242;0,000379794984708242;0;0;0,0596278005536187;0,00265856388915975;0;0;0;0;0;0;0;0,00949487261011016;0;0;0;0;0,00227876990824945;0,000379794984708242;0,000379794984708242;0;0;0;0;0;0,00455753881270096;0;0;0,0660843142898608;0;0;0;0;0;0,000379794984708242;0;0;0;0;0;0,000759589969416485;0;0;0,0319027726927047;0;0;0;0;0,00265856388915975;0;0;0,705658945071393;0;0;0;0,000379794984708242;0;0,0113938475336514;0,00303835887386799;0
"50";1540;0;0,000651253870438268;0,000325626935219134;0;0;0;0,00293064141045967;0;0,000325626935219134;0,0185607292684154;0,0253988928949922;0;0,00390752221611707;0,0022793875400214;0;0;0;0;0;0,000976880805657402;0,0348420709968095;0,0126994464474961;0;0;0;0,049820904984327;0,00260501447524054;0;0;0;0,000325626935219134;0;0;0;0,00716379056179588;0;0;0;0;0,000325626935219134;0;0;0;0;0;0;0;0,00586128282091935;0;0,000325626935219134;0,0491696511138887;0;0;0;0;0;0;0;0;0;0;0;0,000651253870438268;0;0,00260501447524054;0,028655161240671;0;0;0,000976880805657402;0;0,00130250774087654;0;0;0,732009115855193;0;0;0,00130250774087654;0;0,000325626935219134;0,0107456858426938;0,00293064141045967;0
"51";1568;0;0,000290444482612774;0,0011617779304511;0;0;0,000290444482612774;0,0043566652298974;0;0,000580888965225548;0,0145222191074032;0,0258495499107129;0;0,0055184431603485;0,0011617779304511;0,000580888965225548;0;0,000290444482612774;0;0;0,000290444482612774;0,0389195466050523;0,00174266589102954;0;0;0;0,0487946559999453;0,00232355485625509;0;0;0;0;0;0;0,000580888965225548;0,00929422042966745;0;0;0;0;0,0011617779304511;0;0;0,000290444482612774;0;0;0;0;0,00377577726931896;0;0;0,0569270984991616;0;0;0;0;0;0;0;0;0;0;0;0,0011617779304511;0;0;0,0293348826974191;0;0;0;0;0,0011617779304511;0;0;0,734533833310164;0,000290444482612774;0;0,000871333447838322;0,000290444482612774;0;0,0127795522117265;0,000871333447838322;0
"52";1595,5;0;0;0,000737191586321283;0;0;0;0,00258016954733275;0;0;0,0165868046634784;0,027644673434339;0;0,00442314750834422;0,00258016954733275;0,00184297796101147;0;0;0,000368595793160642;0;0,000737191586321283;0,0420199043436453;0,00147438216785082;0,00294876534049339;0;0;0,0534463689076664;0,00368595692681467;0;0;0;0;0;0;0;0,00737191284883761;0;0;0;0;0,000737191586321283;0;0;0,000368595793160642;0;0;0;0;0,00700331705567696;0;0,000368595793160642;0,0707703651574662;0;0;0;0;0;0,000368595793160642;0;0;0;0;0;0;0;0;0,0316992261543143;0;0;0,000368595793160642;0;0,000737191586321283;0;0,000368595793160642;0,703649095840311;0;0,000368595793160642;0,000368595793160642;0,000368595793160642;0;0,0125322519435031;0,00147438216785082;0
"53";1619;0;0;0,0018248174267409;0;0;0;0,00255474439743726;0;0,0018248174267409;0,0156934308728915;0,0251824814919442;0;0,00474452530952635;0,00145985394139272;0,00218978091208908;0;0;0,00109489045604454;0;0,000729926970696361;0,0500000005014599;0,000364963485348181;0,000364963485348181;0;0;0,0492700735307635;0,0036496348534818;0;0;0;0;0;0;0,000364963485348181;0,00875912364835633;0;0;0;0;0,0036496348534818;0;0;0;0;0;0;0;0,00875912364835633;0;0,000364963485348181;0,0591240876351644;0;0;0,000364963485348181;0;0;0,000364963485348181;0;0;0;0,000364963485348181;0;0,000364963485348181;0;0;0,0222627736091587;0,000729926970696361;0;0,000364963485348181;0;0,00109489045604454;0;0;0,712773723993026;0;0;0,00145985394139272;0,000364963485348181;0;0,0164233578435878;0,00109489045604454;0
"54";1644;0;0,000362319188309966;0,00108695656311831;0;0;0;0,00362318887766488;0;0,000724637374808339;0,0177536231963913;0,0195652171343179;0;0,00507246362728156;0,00289855050104495;0,00181159393792664;0;0;0,000362319188309966;0;0,00108695656311831;0,0340579706413542;0;0;0;0;0,0413043473948724;0,00181159393792664;0;0;0;0;0;0;0;0,0108695656311831;0;0;0;0;0,000362319188309966;0;0;0;0;0;0;0;0,00543478281559153;0;0,000724637374808339;0,0445652170842273;0;0;0;0;0;0;0;0;0;0;0;0,000362319188309966;0;0,000362319188309966;0,0239130433867911;0;0;0,0057971010020899;0,000362319188309966;0,00217391312623661;0;0;0,764130434819632;0;0;0,000362319188309966;0;0;0,00833333331663647;0,000724637374808339;0
"55";1679,5;0;0,000344352164178407;0,00103305750114404;0;0;0;0,00206611601089691;0;0,00103305750114404;0,0130853993851295;0,0289256201181215;0;0,0037878788490066;0,00309917351204096;0;0;0;0;0;0,000688705336965638;0,0406336088293197;0;0;0;0;0,0402892566651413;0,000344352164178407;0,000344352164178407;0;0;0,000344352164178407;0;0;0,000344352164178407;0,0079201098621916;0;0;0;0;0,00309917351204096;0,000344352164178407;0;0;0,000344352164178407;0;0;0;0,004132231013185;0;0,000344352164178407;0,0564738295623117;0;0;0,000344352164178407;0;0;0,000344352164178407;0;0;0;0,00103305750114404;0;0;0;0;0,0278925626169774;0;0;0,000344352164178407;0,000344352164178407;0,00241046817507532;0;0;0,745179068692894;0;0;0,000688705336965638;0,000344352164178407;0;0,00929752053612287;0,00275482134786255;0
"56";1727,5;0;0,0049844233814272;0,000623052789267184;0;0;0;0,00623053002725129;0;0,00311526501362564;0,0417445486210883;0,141433022653371;0;0,0143302184223041;0,0155763240008385;0,00809968839505284;0;0;0,00124610557853437;0;0,000623052789267184;0,0205607473822657;0,00685358281651847;0;0;0;0,0236760123958913;0,0049844233814272;0,000623052789267184;0,000623052789267184;0,000623052789267184;0;0;0;0;0,00685358281651847;0;0;0;0;0,00186915836780155;0;0,00124610557853437;0;0;0;0;0;0,00311526501362564;0;0,000623052789267184;0,0286604357773185;0,00186915836780155;0;0;0;0,00249221222435846;0;0;0;0;0,00124610557853437;0;0,000623052789267184;0;0;0,071028037187674;0;0;0,00124610557853437;0;0,00311526501362564;0,000623052789267184;0,000623052789267184;0,553894083348247;0;0;0,0049844233814272;0;0,00124610557853437;0,0118380061979457;0,00685358281651847;0
"57";1789,5;0;0,00746268603337789;0,00414593728729212;0;0;0;0,0132669982355869;0;0,00331674982983369;0,046434494366428;0,236318406951936;0;0,0132669982355869;0,0339966835882995;0,00995024840575316;0;0;0,000829187457458423;0;0,00580431220220896;0,0398009947067606;0;0,000829187457458423;0;0;0,0456053069089695;0,00497512474475054;0;0;0;0;0;0;0;0,00663349965966739;0;0;0;0;0,00248756237237527;0,000829187457458423;0;0;0;0;0;0;0,00663349965966739;0;0,00663349965966739;0,040630182164219;0;0;0;0;0;0;0;0;0;0,00165837491491685;0;0;0,000829187457458423;0;0,0339966835882995;0;0;0;0;0,00331674982983369;0;0;0,421227195876441;0;0;0;0;0;0,00829187349083631;0,000829187457458423;0
"58";1826;0,00125234840281382;0,00250469680562764;0;0;0;0;0,0131496551262264;0;0,00125234840281382;0,0200375703072629;0,0770194112564565;0;0,0118973077578522;0,0112711335564453;0,00187852260422073;0;0;0,00187852260422073;0;0,000626174201406911;0,0450845331913415;0,00125234840281382;0;0;0;0,0663744519014182;0;0;0;0;0;0;0;0;0,0118973077578522;0;0;0;0;0,000626174201406911;0;0;0;0;0;0;0;0,0144020035290402;0;0,00187852260422073;0,132122729601429;0;0;0;0;0;0,000626174201406911;0;0;0;0;0;0;0;0;0,0413274890173396;0;0;0;0;0,00626174097962954;0;0;0,509705695466829;0;0;0,000626174201406911;0;0,000626174201406911;0,0219160929114836;0,00250469680562764;0
"59";1908,5;0;0,00226500519345534;0;0;0;0;0,0045300113971032;0;0;0,038505096370281;0,0945639860204184;0;0,00849377149584257;0,00339750880037553;0,00113250259672767;0;0;0;0;0,000566251298363835;0,0617214046541608;0,00792752019747874;0,0016987538950915;0;0;0,0679501699463555;0,00396376009873937;0;0;0;0;0;0;0;0,0130237828929458;0;0;0;0;0,00226500519345534;0;0;0;0;0;0;0;0,00679501659055854;0;0;0,0520951305615906;0;0;0;0;0;0,000566251298363835;0;0;0;0;0;0,000566251298363835;0;0;0,0334088336748139;0;0;0;0,00113250259672767;0,0113250279876617;0;0;0,546432617072856;0;0;0,00396376009873937;0;0;0,0249150621789714;0,00679501659055854;0
"60";2060;0;0,00381315587776092;0,00190657793888046;0;0;0;0,0123927554616363;0;0,000953288969440231;0,0324118203966209;0,316491895633947;0;0,0123927554616363;0,0104861775227558;0,00857959958387533;0;0;0,00381315587776092;0;0;0,0228789318433053;0,00190657793888046;0;0;0;0,0285986656599467;0,00190657793888046;0;0;0;0;0;0;0;0,00381315587776092;0;0;0;0;0;0;0,000953288969440231;0;0;0;0;0;0;0;0;0,0200190660760714;0;0;0;0;0;0;0;0;0;0,000953288969440231;0;0;0;0;0,0505243085338118;0,000953288969440231;0;0;0;0,00190657793888046;0;0;0,453765488975952;0;0;0;0;0;0,00667302164499487;0,00190657793888046;0
"61";2153;0;0,00424242422914968;0,00181818149959229;0;0;0;0,012727272687449;0;0,00363636409433609;0,0254545453748981;0,212727272687449;0;0,012727272687449;0,00484848436396327;0,00545454559392838;0;0;0,00181818149959229;0;0,00242424272955739;0,0218181823757135;0,00060606013481359;0;0;0;0,018787878416191;0,0012121213647787;0,00060606013481359;0;0;0;0;0;0;0,00666666695870707;0;0;0;0;0,0012121213647787;0,00060606013481359;0,00060606013481359;0;0;0;0;0;0,0012121213647787;0;0,00181818149959229;0,0218181823757135;0;0;0;0;0;0;0;0;0;0;0;0,00060606013481359;0;0;0,0563636363437245;0;0;0;0;0,00424242422914968;0;0;0,556363637438876;0;0;0,0012121213647787;0,0012121213647787;0;0,0121212125526354;0,00303030286437098;0
"62";2280;0;0,00141292813877179;0;0;0;0,000353232294230214;0,00494524900477581;0;0,000353232294230214;0,010596962598012;0,0473330973205259;0;0,00671140943777781;0,00353232086600401;0,0031790885717738;0;0;0;0;0,00247262502146243;0,0271988700453415;0,00282585627754359;0,000353232294230214;0;0;0,0395619920382065;0,00141292813877179;0;0;0,000353232294230214;0;0;0;0,00176616043300201;0,00529848129900602;0;0,000353232294230214;0;0;0,00282585627754359;0;0;0;0;0;0;0;0,0031790885717738;0;0;0,0392087597439762;0;0;0;0;0;0;0;0;0;0,000353232294230214;0;0,000706464588460427;0;0;0,0166019074473294;0,000353232294230214;0;0;0;0,000706464588460427;0;0,000706464588460427;0,760155419634852;0;0;0,00176616043300201;0;0;0,0113034261483234;0,00211939272723222;0
"63";2366;0;0,00413223175671061;0,00068870510362073;0;0;0;0,00826446237843499;0;0,00137741020724146;0,0268595047161396;0,338842975675614;0;0,0117079890315249;0,0123966941351456;0,00413223175671061;0;0;0;0;0;0,00895316861704195;0,00275482041448292;0;0;0;0,0137741043423871;0,00275482041448292;0;0;0,00137741020724146;0;0;0;0,00137741020724146;0,00206611531086219;0;0;0;0;0,00068870510362073;0;0;0;0;0;0;0;0,00137741020724146;0;0,00068870510362073;0,0151515156846147;0;0;0,00068870510362073;0;0;0;0;0;0;0,00068870510362073;0;0,00068870510362073;0,00068870510362073;0;0,0461432510224787;0;0;0;0;0,00137741020724146;0;0;0,483471075810623;0;0;0;0;0;0,0061983470675728;0,00068870510362073;0
"64";2444;0;0,0013824881841326;0;0;0;0;0,0069124419722759;0;0;0,0244239631777405;0,144700461487599;0;0,0041474656040107;0,00184331757884347;0,000921658789421733;0;0,000460829394710866;0;0;0,00184331757884347;0,0211981563631515;0,0013824881841326;0;0;0;0,0230414749936078;0,0013824881841326;0;0;0;0;0,000460829394710866;0;0;0,00783410181331054;0;0;0;0;0;0;0,000460829394710866;0;0;0;0;0;0,00184331757884347;0;0,000460829394710866;0,0175115212054645;0;0;0;0;0;0;0;0;0;0;0;0,000460829394710866;0;0,0027649774198781;0,016129031969719;0,000460829394710866;0;0,000460829394710866;0;0,00368663620929984;0;0;0,693548388368887;0;0;0,00230414697355433;0,00184331757884347;0;0,0124423968120321;0,00368663620929984;0
"65";2613;0;0,000509943436258439;0,00152983145920878;0;0;0,000509943436258439;0,00662927042352701;0;0;0,0198878124210145;0,0938296797044957;0;0,00866904646942768;0,00662927042352701;0,00458949552805979;0;0;0,00101988802295034;0;0,00254971948215911;0,0423253443241881;0,00152983145920878;0;0;0;0,0418154008879296;0,00305966291841755;0,000509943436258439;0;0;0,000509943436258439;0;0;0;0,00917898990568612;0;0;0;0;0,00101988802295034;0;0,000509943436258439;0;0;0;0;0;0,00560938355101013;0;0,000509943436258439;0,0362060173369195;0;0;0;0;0;0;0;0;0;0,00101988802295034;0;0,00254971948215911;0,000509943436258439;0,000509943436258439;0,0219275884669152;0;0;0;0,000509943436258439;0,00254971948215911;0;0,000509943436258439;0,656297811043911;0;0;0,00101988802295034;0,000509943436258439;0;0,0224375319031736;0,000509943436258439;0
"66";2713,5;0;0,0012224936222068;0;0;0;0,000611247379257431;0,0128361858739415;0;0;0,0183374077420261;0,09046454736054;0;0,00916870387101307;0,00672371662659948;0,00550122300439268;0;0;0,000611247379257431;0;0,00427872824587782;0,0440097794899092;0,00488997562513525;0;0;0;0,0360635692411029;0,00611246924734205;0;0;0;0,000611247379257431;0;0;0,000611247379257431;0,00611246924734205;0;0;0;0;0,00366748200292845;0,0012224936222068;0,000611247379257431;0,000611247379257431;0;0;0;0;0,00672371662659948;0;0,000611247379257431;0,0336185819966893;0;0;0;0;0;0;0;0;0;0,000611247379257431;0;0,000611247379257431;0;0,000611247379257431;0,0232273833671614;0;0;0;0;0,00305623462367102;0;0;0,643031782774051;0;0;0,000611247379257431;0,00183374100146423;0;0,0287286063715541;0,00244498724441359;0
"67";2830;0;0,00116959111686741;0,00155945445965688;0;0;0;0,00896686123815373;0;0,000389863342789462;0,0191033135931749;0,0627680308440742;0;0,00623781675012847;0,0070175434357074;0,00623781675012847;0;0;0,000779726685578924;0;0,00584795340733901;0,0253411303433034;0,00155945445965688;0;0;0;0,023391812540857;0,00428849894768214;0;0;0;0;0;0;0;0,00740740786699589;0;0;0;0;0,00389863560489267;0,000389863342789462;0;0,000389863342789462;0;0;0;0;0,00272904448802526;0;0,00155945445965688;0,00896686123815373;0;0;0;0;0;0;0;0;0;0,00116959111686741;0;0;0,000779726685578924;0,000389863342789462;0,030019493722274;0,000389863342789462;0;0;0;0,000779726685578924;0;0,000389863342789462;0,748148149938124;0;0;0,00116959111686741;0,000389863342789462;0;0,0152046779882822;0,00116959111686741;0
"68";2911;0;0,0015003749398775;0,000750187469938752;0;0;0;0,0105026258454591;0,000750187469938752;0;0,0232558141007345;0,255063766371824;0;0,0127531882552754;0,00975243837552036;0,00675168849576535;0;0;0;0;0,00300074987975501;0,0487621906112852;0,000750187469938752;0;0;0;0,0270067514504282;0,000750187469938752;0;0;0;0;0,000750187469938752;0;0;0,00600149975951002;0;0;0;0;0,0015003749398775;0;0;0;0;0;0;0;0,00450112481963251;0;0,000750187469938752;0,0360090023560099;0;0;0;0;0;0;0;0;0;0;0;0;0;0;0,0285071263903058;0;0;0;0;0,0015003749398775;0;0;0,493623407138679;0;0,0015003749398775;0,000750187469938752;0,000750187469938752;0,000750187469938752;0,018754689281102;0,00300074987975501;0
"69";2989;0;0,00220102709770806;0;0;0;0;0,0132061625862483;0;0,000733675699236019;0,0322817319211904;0,212032281698432;0;0,0190755681801365;0,0036683784961801;0,0110051354885403;0;0;0;0;0,00293470279694408;0,0476889216051468;0;0;0;0;0,0227439466763166;0,00220102709770806;0;0;0;0;0;0;0;0,00953778409006825;0;0;0;0;0,000733675699236019;0;0,00146735139847204;0;0;0;0;0;0;0;0,00440205419541611;0,0454878945074388;0;0;0;0;0;0,000733675699236019;0;0;0;0;0;0,000733675699236019;0;0;0,0300807048234824;0;0;0,00220102709770806;0;0,0036683784961801;0;0;0,514306677867311;0;0,00220102709770806;0,00220102709770806;0;0;0,0117388111877763;0,000733675699236019;0
"70";3239;0;0,0035502962320675;0;0;0;0;0,00710059135111726;0;0;0,0284023665174868;0,133727810642985;0;0,0130177509958846;0,00473372793841742;0,0035502962320675;0;0;0,000591715853174959;0;0,000591715853174959;0,0301775151900294;0,00946745587683485;0;0;0,00118343170634992;0,0390532541006716;0,00177514755952488;0;0;0;0;0;0,000591715853174959;0;0,00532544379159238;0;0;0;0;0;0;0,000591715853174959;0;0;0;0;0;0,000591715853174959;0;0,00295858037889255;0,0408284027732142;0;0,000591715853174959;0;0;0,00118343170634992;0;0;0;0;0;0;0,000591715853174959;0;0,00295858037889255;0,0266272189579619;0,00118343170634992;0;0,00177514755952488;0;0,00887574002365989;0;0,00118343170634992;0,602366864303114;0;0,00118343170634992;0,00295858037889255;0;0,000591715853174959;0,0159763313747771;0,00414201208524246;0
"71";3314;0,000901713027382323;0,00180342605476465;0,000901713027382323;0;0;0;0,0162308390862092;0;0;0,0414788099773507;0,252479711973633;0;0,034265104227183;0,0117222724181884;0,0117222724181884;0;0;0,000901713027382323;0;0,00270513908214697;0,0486925157275184;0;0;0;0,000901713027382323;0,0270513984770153;0,00180342605476465;0;0;0;0;0;0;0;0,00631199272278538;0;0;0;0;0;0;0,00180342605476465;0,000901713027382323;0;0;0;0;0,00631199272278538;0;0,00270513908214697;0,0450856636179891;0;0;0;0;0;0;0;0;0;0;0;0,00180342605476465;0;0;0,0324616766413092;0;0;0;0;0,00541027969540305;0,000901713027382323;0;0,426510370660586;0;0,00450856666802073;0,000901713027382323;0;0;0,0072137057501677;0,00360685364063841;0
"72";3375;0;0,00226073902948728;0;0;0;0;0,01959306694684;0;0,000753580140700732;0,0331574983385338;0,189148455165168;0;0,0271288613907727;0,00602863555514618;0,0113036923622065;0;0;0,00452147666635963;0;0,00301431777757309;0,0459683495895269;0;0;0;0;0,0331574983385338;0,00150715888878654;0;0;0;0;0;0;0;0,00602863555514618;0;0;0;0;0,00150715888878654;0,000753580140700732;0,000753580140700732;0;0;0;0;0;0,00452147666635963;0;0,00527505680706036;0,0497362475078007;0;0;0;0;0;0,000753580140700732;0;0;0;0;0;0,000753580140700732;0;0;0,0422004516712531;0,00150715888878654;0,000753580140700732;0;0;0,00301431777757309;0;0;0,475508664923835;0;0,00452147666635963;0,00301431777757309;0;0;0,01959306694684;0,00226073902948728;0
"73";3445;0;0,00199468074230333;0;0;0;0;0,0126329788670345;0;0;0,0365691490233447;0,154255319062592;0;0,0179521279294001;0,00465425589782124;0,0079787229692133;0;0;0;0;0,00531914906236561;0,0425531912502546;0;0;0;0;0,0432180856634692;0,00731382980466893;0;0;0;0;0;0;0;0,00997340371151663;0;0;0;0;0,00132978757775896;0;0,00066489316454437;0,00066489316454437;0;0;0;0;0,00199468074230333;0;0,00598404222690998;0,032579787538738;0;0;0;0;0;0,00066489316454437;0;0;0;0;0;0,00132978757775896;0;0;0,0405585105079513;0;0;0,00066489316454437;0;0,00664893664012456;0;0;0,535904256483135;0;0,00199468074230333;0,00132978757775896;0;0,00066489316454437;0,0206117018362478;0,00199468074230333;0
"74";3510,5;0;0,00245901678133835;0;0;0;0;0,0106557381136684;0;0;0,0377049176198656;0,213114753368449;0;0,0295081962875356;0,00983606585322225;0,00901639359277613;0;0;0,00245901678133835;0;0,00409836003009944;0,031967213068874;0;0;0;0;0,0295081962875356;0,00491803229054555;0;0;0;0;0,00163934452089223;0;0;0,00901639359277613;0;0;0;0;0,00245901678133835;0;0,000819672260446116;0;0,00163934452089223;0;0;0;0,00409836003009944;0;0,00163934452089223;0,0409836066616501;0;0;0;0;0;0;0;0;0;0;0;0,00163934452089223;0;0;0,0450819666917495;0,000819672260446116;0;0;0;0,00327868904178447;0;0;0,471311474700779;0;0,000819672260446116;0,00245901678133835;0;0;0,0180327871855523;0,00901639359277613;0
"75";3579,5;0;0,00315656545740071;0,000631312590722564;0;0;0;0,00946969762409608;0;0;0,0265151513444387;0,214015152283359;0;0,0202020204296373;0,00505050448146235;0,00820707119075701;0;0;0;0;0,00189393902406164;0,0473484856166925;0,00505050448146235;0,00126262643333907;0;0;0,0284090916203943;0,00441919189073978;0,00126262643333907;0;0;0,00189393902406164;0;0;0;0,00505050448146235;0;0;0;0;0,00252525286667815;0;0;0,000631312590722564;0;0;0;0;0,00252525286667815;0;0,000631312590722564;0,0340909086925792;0;0;0;0;0,000631312590722564;0;0;0;0;0,000631312590722564;0;0;0;0;0,0303030306444559;0;0;0;0,00126262643333907;0,00189393902406164;0;0,000631312590722564;0,517676770066747;0;0,000631312590722564;0,00252525286667815;0;0;0,015151514696281;0,00441919189073978;0
"76";3686;0;0,00199335548338319;0;0;0;0,000664451412512003;0,0106312288294279;0;0,000664451412512003;0,0465116275303253;0,192026577817298;0;0,0259136212839814;0,00930232600440392;0,00730897052102074;0;0;0,000664451412512003;0;0,00199335548338319;0,0392026582551517;0,000664451412512003;0;0;0;0,0199335548338319;0,00199335548338319;0;0;0;0;0;0;0;0,00730897052102074;0;0;0;0;0,00664451786266156;0,00132890407087118;0;0;0;0;0;0;0,00598006645014956;0;0,000664451412512003;0,0352159472883853;0;0;0,00132890407087118;0;0;0;0,000664451412512003;0;0;0,00132890407087118;0;0;0;0;0,0411960137385349;0,00199335548338319;0;0;0;0,00132890407087118;0;0;0,508305648262712;0;0,000664451412512003;0,00199335548338319;0;0,000664451412512003;0,0172757479379367;0,00664451786266156;0
"77";3862;0;0,00428396541649151;0;0;0;0;0,0122399026487972;0,000611994735316237;0;0,0434516523041481;0,167686658459513;0;0,0183598534058764;0,00489596128644667;0,00734394136235054;0;0;0,00183598534058763;0;0,00244798007590387;0,0281517748441308;0,000611994735316237;0;0;0;0,0299877601847184;0,00183598534058763;0;0,000611994735316237;0,000611994735316237;0;0;0;0;0,00734394136235054;0;0;0;0;0,00367197068117527;0,00183598534058763;0,000611994735316237;0,000611994735316237;0;0;0;0;0,00305997594585903;0;0,0012239906052714;0,0379436962823852;0;0;0;0;0;0,0012239906052714;0;0;0;0,000611994735316237;0;0;0;0,0012239906052714;0,0440636470394643;0;0;0;0;0,00244798007590387;0;0;0,552631579574406;0;0;0;0;0;0,0146878827247011;0,00183598534058763;0
"78";3984,5;0;0,000619578623080035;0,00185873586924011;0;0;0;0,00557620866286282;0;0;0,0359355643592121;0,0644361831311787;0;0,00557620866286282;0,00247831449232014;0,00309789311540018;0;0;0;0;0,000619578623080035;0,0557620813529157;0,0130111521398232;0,000619578623080035;0;0;0,0892193312198076;0,00495662898464028;0;0;0;0;0;0;0;0,0117719948936632;0;0;0;0;0,000619578623080035;0;0;0,000619578623080035;0;0;0;0;0,00991325902442307;0;0,00123915724616007;0,104708797851951;0;0;0;0;0;0;0;0;0;0;0;0,000619578623080035;0;0,00185873586924011;0,0123915735167432;0;0;0;0,000619578623080035;0,0154894676872859;0;0;0,513011152667394;0;0;0,00123915724616007;0;0;0,0365551429822921;0,00557620866286282;0
"79";4046;0;0;0,000825081946863869;0;0;0;0,0140264026032864;0;0;0,0495049507639774;0,230198020712973;0;0,0156765678551;0,00577557770230451;0,0123762373514729;0;0;0,00247524719867742;0;0,000825081946863869;0,0412541258629955;0,000825081946863869;0;0;0;0,0280528052065729;0,00165016525181355;0;0;0;0;0;0;0;0,00577557770230451;0;0;0;0;0,00742574295411806;0,00165016525181355;0,000825081946863869;0;0;0;0;0;0,00577557770230451;0;0,00165016525181355;0,0346534648557413;0,000825081946863869;0;0;0;0;0;0;0;0;0;0;0;0;0;0,0750825087718729;0;0;0;0;0,00247524719867742;0;0;0,437293730616729;0;0,000825081946863869;0,000825081946863869;0;0;0,019801980305591;0,00165016525181355;0
"80";4110;0;0,000601322787193521;0,00240529114877408;0;0;0;0,01022248952781;0;0;0,0559230310093583;0,119061936537799;0;0,00781719837903593;0,00240529114877408;0,01022248952781;0;0;0;0;0,00240529114877408;0,0372820203153188;0,00420926058311472;0,00120264557438704;0;0;0,0378833431025124;0,00481058337030824;0;0;0;0;0;0;0;0,00781719837903593;0;0;0;0;0,00420926058311472;0;0,00120264557438704;0;0,000601322787193521;0;0;0;0,00120264557438704;0;0,00180396836158056;0,0414912808984336;0;0;0,00120264557438704;0;0,000601322787193521;0;0;0;0;0,000601322787193521;0;0;0;0;0,0114251351021971;0,000601322787193521;0;0;0;0,00300661500872768;0;0;0,604930849429611;0;0;0,00180396836158056;0;0;0,0174383640468923;0,0036079377959212;0
"81";4321;0;0;0,000783699568289914;0;0;0;0,00626959266700897;0;0,000391849137593234;0,0372257055713572;0,11912225679386;0;0,0109717861974381;0,00195924827417306;0,011755485765728;0;0;0;0;0,00587774352941574;0,0270376176491055;0,00313479568695276;0;0;0;0,0164576805892606;0,0023510974117663;0;0;0;0,000783699568289914;0;0;0,000391849137593234;0,00705329094219544;0;0;0;0;0,00313479568695276;0;0,00117554870588315;0;0;0;0;0;0,00117554870588315;0;0,00117554870588315;0,0293887150608718;0;0;0,0090125392163685;0;0;0;0;0;0;0;0;0,000391849137593234;0;0;0,00548589309871906;0,000783699568289914;0;0;0;0,00117554870588315;0;0;0,676332287779024;0;0;0,000391849137593234;0,000783699568289914;0,000391849137593234;0,0148902827457842;0,00274294654935953;0
"82";4399;0;0,00116211513578345;0,00116211513578345;0;0;0;0,015688553286011;0;0;0,0302149914362385;0,0755374775435305;0;0,00406740297524209;0,00232423027156691;0,00116211513578345;0;0;0,000581057567891727;0;0,0127832654465523;0,0743753624077471;0,00581057567891727;0;0;0;0,0418361417470074;0,00522951811102554;0;0;0;0,00116211513578345;0;0;0,000581057567891727;0,00406740297524209;0;0;0;0;0,00581057567891727;0;0,00174317270367518;0;0;0;0;0;0,00348634540735036;0;0,00232423027156691;0,0278907611646716;0;0,000581057567891727;0,00232423027156691;0;0;0;0,000581057567891727;0;0;0;0;0;0;0;0,00232423027156691;0;0;0;0;0,00290528783945863;0;0;0,63451481492568;0;0;0;0;0,000581057567891727;0,0371876812038735;0;0
"83";4454,5;0;0,000534759211132717;0,000534759211132717;0;0;0;0,00481283397933884;0;0,000534759211132717;0,0363636360693243;0,155614973605396;0;0,00534759319047156;0;0,00106951842226543;0;0;0,00106951842226543;0;0,0117647058823529;0,0374331555707341;0,00534759319047156;0,000534759211132717;0;0;0,0267379681106466;0,00534759319047156;0;0;0;0;0;0;0;0,00534759319047156;0;0;0;0;0,0122994650934857;0;0,00106951842226543;0;0;0;0;0;0,00160427763339815;0;0,00106951842226543;0,0106951874600875;0;0;0,000534759211132717;0;0;0;0;0;0;0;0;0,000534759211132717;0;0,00802139032527953;0,00106951842226543;0;0;0;0;0;0;0;0,641711233576373;0;0;0,000534759211132717;0;0;0,018716577785367;0,00374331555707341;0
"84";4542,5;0;0;0,0021665867896435;0;0;0;0,004573904761927;0;0;0,0375541648746039;0,00288878238619133;0;0,00794415053771226;0,000481463389593918;0,00288878238619133;0;0;0;0;0,00625902713766267;0,0142031776753749;0;0;0;0;0,00770341833075834;0,00746268612380443;0;0;0;0;0;0;0;0,00264805017923742;0,000240732206953915;0;0;0;0,00529610035847484;0;0,0021665867896435;0;0,000240732206953915;0;0;0;0,00168512237573567;0,00168512237573567;0,000481463389593918;0,00842561392730617;0;0,000240732206953915;0,0996629749102645;0;0;0,000240732206953915;0;0;0;0,000240732206953915;0;0;0;0;0,000481463389593918;0;0;0;0;0,000481463389593918;0;0;0,743379873015436;0;0;0,000481463389593918;0,000962927803501749;0;0,0363505058884621;0,000481463389593918;0
"85";4584;0;0;0,000446030154609987;0;0;0;0,0124888488375542;0,000446030154609987;0;0,0338983052757828;0,0111507583737243;0;0,00356824236399855;0;0,0017841217455586;0,000446030154609987;0,000446030154609987;0,000446030154609987;0;0,0151650308923328;0,0606601246964499;0,00981266678277567;0;0;0;0,0597680643872299;0,00356824236399855;0,000446030154609987;0;0;0;0;0;0,00133809046382996;0,00758251600972573;0;0;0;0;0,0107047282191143;0;0;0;0;0;0;0;0,0133809102738929;0;0,000892060309219974;0,02007136484728;0;0;0,000892060309219974;0;0;0,000446030154609987;0;0;0;0,000446030154609987;0;0,000892060309219974;0;0;0,00223015190016859;0,000892060309219974;0;0,00133809046382996;0;0,00223015190016859;0;0;0,687332742143822;0;0;0;0,00223015190016859;0,000892060309219974;0,0307760930663943;0,000892060309219974;0
"86";4633;0;0,000928504999310303;0;0;0;0;0,0306406682223653;0;0,000464253040509376;0,0134633241125621;0,0167130921510023;0;0,00232126303912998;0,000464253040509376;0,00324976803844028;0;0;0;0;0,00696378803568149;0,0357474462594262;0;0;0;0;0,0552460534083595;0,00696378803568149;0;0;0;0;0;0;0;0,00278551499793091;0;0;0;0;0,0176415971503126;0;0;0,00139275803981968;0;0;0;0;0,00835654607550117;0;0,00185700999862061;0,0116063141139415;0;0;0,00139275803981968;0;0;0;0;0;0;0;0;0;0;0;0;0,000928504999310303;0;0;0;0;0;0;0,760445682053522;0;0,000928504999310303;0;0,00139275803981968;0,00278551499793091;0,0153203341111827;0;0
"87";4720;0;0,00411522648279865;0,00274348465824742;0;0;0;0,170096021564426;0,000457247611232061;0;0,0178326477557459;0,0402377685963775;0;0,00685871013190113;0;0,0018289894357833;0;0;0;0;0,0018289894357833;0,0269775949346623;0,0105166890034677;0;0;0,0018289894357833;0,0288065843704456;0,00594421591858195;0;0;0;0;0;0;0;0,00457247409403072;0;0;0;0;0,0224051208406316;0;0,000914495222464121;0,000457247611232061;0;0;0;0;0,0018289894357833;0;0,000457247611232061;0,00914494717891648;0;0;0;0;0;0;0;0;0;0,000457247611232061;0;0;0;0,000457247611232061;0,00320073126033453;0,000914495222464121;0;0;0;0,000457247611232061;0;0;0,619112938645248;0;0;0,000457247611232061;0;0;0,0132601736617151;0,0018289894357833;0
